,EXT_SOURCE_2,EXT_SOURCE_3,CREDIT_TO_ANNUITY_RATIO,DAYS_BIRTH,PROPORTION_LIFE_EMPLOYED,CREDIT_TO_ANNUITY_RATIO_BY_AGE,DAYS_ID_PUBLISH,DAYS_REGISTRATION,DAYS_EMPLOYED,DAYS_LAST_PHONE_CHANGE,INCOME_TO_ANNUITY_RATIO_BY_AGE,AMT_ANNUITY,INCOME_TO_ANNUITY_RATIO,INCOME_TO_CREDIT_RATIO,AMT_CREDIT,REGION_POPULATION_RELATIVE,AMT_GOODS_PRICE,INCOME_TO_FAMILYSIZE_RATIO,AMT_INCOME_TOTAL,HOUR_APPR_PROCESS_START,AMT_REQ_CREDIT_BUREAU_YEAR,OBS_30_CNT_SOCIAL_CIRCLE,OBS_60_CNT_SOCIAL_CIRCLE,CNT_FAM_MEMBERS,AMT_REQ_CREDIT_BUREAU_QRT
119312,0.5595853586771128,0.4311917977993083,34.19972640218878,-13872,0.2750865051903114,-474418.6046511628,-3833,-1095.0,-3816.0,-1518.0,-154186.04651162788,26316.0,11.114911080711355,0.325,900000.0,0.031329,900000.0,146250.0,292500.0,20,3.0,0.0,0.0,2.0,0.0
72932,0.11983328719972698,0.7981372313187245,27.659282941310806,-23852,0.09995621504751988,-659729.2167161453,-4320,-4321.0,-2384.155641313444,0.0,-136172.64215574332,19705.5,5.709065996802923,0.20640686922060766,545040.0,0.025164,450000.0,112500.0,112500.0,11,0.0,5.0,5.0,1.0,0.0
253286,0.6603877376409378,0.5495965024956946,28.69939998309811,-13455,0.1617985878855444,-386150.4267725851,-4374,-141.0,-2177.0,-1104.0,-79595.19986478493,53248.5,5.915659596044959,0.2061248527679623,1528200.0,0.00733,1350000.0,78750.0,315000.0,14,4.0,1.0,1.0,4.0,1.0
303377,0.6419377570877453,0.5954562029091491,22.70147559591373,-13513,0.13697920520979798,-306765.0397275823,-4058,-7552.0,-1851.0,-1253.0,-35789.2546348846,23787.0,2.6485054861899355,0.11666666666666667,540000.0,0.028663,540000.0,31500.0,63000.0,10,1.0,0.0,0.0,2.0,0.0
137168,0.4477980761948447,0.7209441499436497,23.49281214666451,-20534,0.11610770630726815,-482401.40461960906,-4093,-9771.0,-2384.155641313444,-201.0,-72968.5026651591,27859.5,3.5535454692295265,0.15126096642006545,654498.0,0.006207,585000.0,49500.0,99000.0,11,0.0,3.0,3.0,2.0,0.0
35135,0.08588995894313244,0.3344541255096772,20.39706282295349,-21968,0.10852857070800456,-448082.67609464243,-4385,-1434.0,-2384.155641313444,-270.0,-119488.71362523794,16546.5,5.439216752787599,0.26666666666666666,337500.0,0.018209,337500.0,45000.0,90000.0,9,0.0,0.0,0.0,2.0,0.0
47253,0.6195589199110733,0.5108556388496169,30.789719626168228,-16068,0.1830346029375156,-494729.21495327103,-1606,-10025.0,-2941.0,0.0,-225252.3364485981,19260.0,14.018691588785044,0.4553042950371832,593010.0,0.04622,495000.0,270000.0,270000.0,14,1.8999537571385068,0.0,0.0,1.0,0.26547538037573265
305872,0.7095523250918052,0.656158373001177,26.254670301928712,-20382,0.2808360317927583,-535122.6900939109,-1349,-6576.0,-5724.0,-1741.0,-72035.74674341109,44563.5,3.5342825406442486,0.1346153846153846,1170000.0,0.030755,1170000.0,78750.0,157500.0,19,3.0,1.0,0.0,2.0,2.0
211278,0.4833831757149026,0.5108556388496169,12.410748228788664,-16033,0.5667061685274122,-198981.52635216864,-3324,-2148.0,-9086.0,-2199.0,-152378.60722308626,26041.5,9.504060825989287,0.7657927347154732,323194.5,0.010643000000000001,279000.0,49500.0,247500.0,11,5.0,2.0,2.0,5.0,0.0
245727,0.6029066268525758,0.7826078370261895,23.601604909133826,-14660,0.4608458390177354,-345999.52796790184,-1468,-5977.0,-6756.0,-469.0,-207599.7167807411,38133.0,14.160962945480291,0.6,900000.0,0.003540999999999999,900000.0,90000.0,540000.0,15,2.0,3.0,3.0,6.0,1.0
208783,0.3822296366703448,0.7394117535524816,19.02065578506428,-12589,0.2665819366113273,-239451.03567817423,-3423,-6015.0,-3356.0,-1060.0,-45460.78289758776,31153.5,3.611151235013722,0.18985419198055886,592560.0,0.020246,450000.0,56250.0,112500.0,12,1.0,0.0,0.0,2.0,0.0
266418,0.5154737221636475,0.5108556388496169,20.475025190729813,-11686,0.022334417251411942,-239271.1443788686,-3499,-1938.0,-261.0,-1556.0,-50464.94889880523,31261.5,4.3184108248164685,0.2109111361079865,640080.0,0.009549,450000.0,33750.0,135000.0,17,0.0,1.0,1.0,4.0,0.0
278046,0.2886424413850539,0.6363761710860439,36.26748170788182,-19355,0.08943425471454404,-701957.1084560526,-2751,-4277.0,-1731.0,-552.0,-100387.14457719737,48586.5,5.186625914605909,0.14301036825169824,1762110.0,0.0060079999999999995,1575000.0,126000.0,252000.0,11,2.0,0.0,0.0,2.0,0.0
278695,0.524255845284675,0.5709165417729987,33.975084937712346,-21553,0.11061827315517303,-732265.0056625142,-4795,-4931.0,-2384.155641313444,-3097.0,-185507.13476783692,19867.5,8.607021517553793,0.2533333333333333,675000.0,0.018209,675000.0,85500.0,171000.0,12,1.0,0.0,0.0,2.0,0.0
179064,0.4133440918760161,0.5108556388496169,10.760798885276358,-9320,0.04388412017167382,-100290.64561077564,-1993,-3666.0,-409.0,-668.0,-64932.65211333024,9688.5,6.967022758941012,0.6474447513812155,104256.0,0.006670999999999999,90000.0,67500.0,67500.0,15,1.8999537571385068,0.0,0.0,1.0,0.26547538037573265
251484,0.7430153839032675,0.4974688893052743,36.184551581130115,-10455,0.01367766618842659,-378309.4867807154,-3136,-6352.0,-143.0,-874.0,-117431.31156039398,26041.5,11.232071885260067,0.3104106972301815,942300.0,0.00702,675000.0,97500.0,292500.0,19,0.0,0.0,0.0,3.0,0.0
165888,0.4705584801214407,0.2622489709189549,10.695187165775401,-15672,0.03094691168963757,-167614.97326203212,-5989,-5348.0,-485.0,-354.0,-83807.48663101603,21037.5,5.3475935828877015,0.5,225000.0,0.025164,225000.0,56250.0,112500.0,9,0.0,0.0,0.0,2.0,0.0
4683,0.4499240879606843,0.4578995512067301,26.258098223615466,-19571,0.1734198559092535,-513897.24033437826,-3134,-9978.0,-3394.0,-1827.0,-136335.77150818528,12919.5,6.966213862765588,0.2652977303779166,339241.5,0.020713,238500.0,45000.0,90000.0,7,1.0,0.0,0.0,2.0,0.0
21868,0.7577975829601075,0.5108556388496169,14.766355140186914,-15628,0.2370104939851549,-230768.5981308411,-370,-9590.0,-3704.0,-238.0,-401654.20560747664,9630.0,25.70093457943925,1.7405063291139242,142200.0,0.04622,112500.0,123750.0,247500.0,11,1.8999537571385068,0.0,0.0,2.0,0.26547538037573265
34077,0.7036316193086658,0.5108556388496169,12.922152922152922,-12587,0.17104949551124174,-162651.13883113881,-4349,-6674.0,-2153.0,-441.0,-33921.99892199892,58441.5,2.6950026950026946,0.2085567870337266,755190.0,0.011656999999999999,675000.0,157500.0,157500.0,15,2.0,0.0,0.0,1.0,1.0
60947,0.7630797412932819,0.7776594425716818,9.244147157190636,-17799,0.1647845384572167,-164536.57525083612,-1341,-5645.0,-2933.0,-646.0,-135291.88203101247,29601.0,7.601094557616298,0.8222602289172477,273636.0,0.072508,247500.0,112500.0,225000.0,17,2.0,0.0,0.0,2.0,1.0
26946,0.3380626821239116,0.5108556388496169,18.34302925989673,-16362,0.014484781811514484,-300128.6447504303,-443,-9960.0,-237.0,-256.0,-56323.58003442341,26145.0,3.442340791738382,0.18766479314648174,479578.5,0.01885,414000.0,90000.0,90000.0,9,1.8999537571385068,0.0,0.0,1.0,0.26547538037573265
133118,0.6830590473938996,0.5567274263630174,9.262734584450405,-11428,0.17570878543927196,-105854.5308310992,-3207,-202.0,-2008.0,-366.0,-28723.190348525462,53712.0,2.513404825737265,0.2713458755426917,497520.0,0.018634,450000.0,67500.0,135000.0,11,2.0,0.0,0.0,2.0,0.0
174356,0.6399398491481402,0.3740208032583212,9.262734584450405,-17826,0.09895658027600136,-165117.50670241288,-1353,-1683.0,-1764.0,-1781.0,-104542.56032171582,53712.0,5.86461126005362,0.6331403762662807,497520.0,0.030755,450000.0,157500.0,315000.0,9,4.0,0.0,0.0,2.0,0.0
136383,0.32650658131184274,0.1595195404777181,25.415942868172174,-10201,0.25830800901872364,-259268.03319822426,-223,-3862.0,-2635.0,-1.0,-68912.37212893265,23314.5,6.755452615325228,0.2657958687727825,592560.0,0.018634,450000.0,52500.0,157500.0,14,2.0,2.0,1.0,3.0,0.0
41418,0.5221719957568247,0.39449540531239935,23.00884955752212,-21070,0.1131540408786637,-484796.46017699107,-4345,-9717.0,-2384.155641313444,-1807.0,-466150.4424778761,5085.0,22.123893805309734,0.9615384615384616,117000.0,0.015221,117000.0,112500.0,112500.0,8,5.0,0.0,0.0,1.0,0.0
299331,0.6814092905244531,0.5108556388496169,23.509210888094586,-23428,0.10176522286637543,-550773.79268628,-4066,-11782.0,-2384.155641313444,-160.0,-144935.38630739626,32733.0,6.1864173769590325,0.26314866145047544,769527.0,0.022625,612000.0,101250.0,202500.0,14,1.8999537571385068,2.0,2.0,2.0,0.26547538037573265
6344,0.4214267118943418,0.4794489811780563,19.58512035010941,-10510,0.192197906755471,-205839.6148796499,-587,-1041.0,-2020.0,-1.0,-32196.936542669584,51412.5,3.063457330415755,0.15641759027529495,1006920.0,0.022625,900000.0,52500.0,157500.0,14,4.0,3.0,3.0,3.0,0.0
250403,0.40686373138188014,0.4543210601605785,20.786622838359296,-17993,0.025509920524648483,-374013.7047305989,-1478,-9819.0,-459.0,-2115.0,-141434.18607974847,31486.5,7.860511647849077,0.3781524160501637,654498.0,0.016612000000000002,585000.0,123750.0,247500.0,14,1.0,0.0,0.0,2.0,0.0
238688,0.4113623026806575,0.5108556388496169,8.863676653075698,-11989,0.3218783885228126,-106266.61939372453,-737,-931.0,-3859.0,-392.0,-53133.30969686226,25384.5,4.431838326537847,0.5,225000.0,0.019688999999999998,225000.0,28125.0,112500.0,8,1.8999537571385068,0.0,0.0,4.0,0.26547538037573265
199035,0.5240922217902244,0.5495965024956946,16.278695589714125,-17217,0.3863042341871406,-280270.30196810805,-742,-9864.0,-6651.0,-284.0,-98934.06119810374,31324.5,5.7463008188478675,0.3529951639662537,509922.0,0.008473999999999999,472500.0,60000.0,180000.0,17,1.0,1.0,1.0,3.0,0.0
123399,0.5942265490543082,0.3425288720742255,9.246207701283547,-14833,0.1409694599878649,-137148.99883313884,-4572,-1620.0,-2091.0,-875.0,-205533.1096849475,30852.0,13.856476079346557,1.4986118122160526,285264.0,0.00733,252000.0,142500.0,427500.0,17,6.0,0.0,0.0,3.0,1.0
231541,0.6436248416843697,0.6528965519806539,27.66717095310136,-20378,0.11699654732129965,-563801.6096822995,-2467,-12006.0,-2384.155641313444,0.0,-70466.39291117355,20821.5,3.4579641236222174,0.1249843769528809,576072.0,0.028663,405000.0,36000.0,72000.0,13,3.0,5.0,5.0,2.0,0.0
162674,0.7466684483951321,0.3842068130556564,23.542966042966047,-22103,0.04999321359091526,-520370.1784476785,-4152,-10731.0,-1105.0,-941.0,-57440.228690228694,51948.0,2.5987525987525992,0.11038339833689012,1223010.0,0.031329,1125000.0,67500.0,135000.0,8,1.0,9.0,9.0,2.0,2.0
213187,0.6917748858203865,0.6545292802242897,34.20250592617677,-22464,0.1061322846026284,-768325.093125635,-4279,-12317.0,-2384.155641313444,-1451.0,-136929.2245174399,13288.5,6.095496105655266,0.1782178217821782,454500.0,0.072508,454500.0,40500.0,81000.0,17,2.0,0.0,0.0,2.0,2.0
34781,0.6274128694079951,0.6577838002083306,10.178819444444443,-24624,0.09682243507608204,-250643.25,-4345,-12693.0,-2384.155641313444,-30.0,-213750.0,15552.0,8.680555555555555,0.8528057308545114,158301.0,0.010032,148500.0,135000.0,135000.0,3,4.0,0.0,0.0,1.0,0.0
111580,0.7515917062803408,0.6801388218428291,34.19972640218878,-20095,0.05105747698432446,-687243.5020519835,-3047,-7387.0,-1026.0,-1229.0,-68724.35020519838,39474.0,3.4199726402188784,0.1,1350000.0,0.019101,1350000.0,67500.0,135000.0,16,0.0,5.0,5.0,2.0,0.0
98972,0.6855203533072975,0.6940926425266661,34.8976619394404,-11092,0.08681932924630363,-387084.8662322729,-3530,-4822.0,-963.0,-5.0,-74400.15331544653,23481.0,6.707550785741661,0.1922063087602144,819432.0,0.026392000000000002,684000.0,78750.0,157500.0,12,2.0,4.0,4.0,2.0,1.0
5339,0.3635779614660648,0.20442262537632874,18.351715686274513,-14137,0.31336209945533,-259438.20465686274,-3353,-1656.0,-4430.0,-865.0,-43311.887254901965,29376.0,3.063725490196078,0.1669449081803005,539100.0,0.031329,450000.0,30000.0,90000.0,15,1.0,2.0,2.0,3.0,1.0
13809,0.763790619741626,0.3092753558842053,9.982363315696649,-12310,0.07457351746547522,-122882.89241622575,-4888,-1693.0,-918.0,-452.0,-298522.92768959433,10206.0,24.250440917107586,2.429328621908127,101880.0,0.006629,90000.0,123750.0,247500.0,8,0.0,0.0,0.0,2.0,0.0
213193,0.7207986141988927,0.5937175866150576,20.7319737800437,-19408,0.23459398186314925,-402366.1471230881,-2803,-6262.0,-4553.0,-1810.0,-70677.34887108523,49428.0,3.6416605972323377,0.17565431231336728,1024740.0,0.010966,900000.0,90000.0,180000.0,10,3.0,7.0,7.0,2.0,0.0
297942,0.669875193508014,0.6479768603302221,19.00886117492616,-10238,0.008497753467474115,-194612.720708894,-1302,-4895.0,-87.0,-1483.0,-25200.19691499836,27423.0,2.461437479488021,0.1294889502762431,521280.0,0.007120000000000001,450000.0,33750.0,67500.0,10,0.0,0.0,0.0,2.0,0.0
269903,0.2464768757430595,0.4596904504249018,18.38201802158629,-13909,0.4732906751024517,-255675.48866224376,-3751,-49.0,-6583.0,-137.0,-89522.22992375483,45445.5,6.436280819883157,0.3501400560224089,835380.0,0.011656999999999999,675000.0,146250.0,292500.0,12,6.0,0.0,0.0,2.0,0.0
120606,0.4866931358075299,0.5814837058057234,17.762788083192802,-23981,0.09941852472013027,-425969.42102304666,-4256,-9716.0,-2384.155641313444,-1085.0,-222420.741989882,16011.0,9.27487352445194,0.5221518987341772,284400.0,0.0038130000000000004,225000.0,148500.0,148500.0,11,1.0,8.0,8.0,1.0,2.0
88727,0.0907322857367242,0.5108556388496169,28.10047095761381,-15986,0.15651194795446016,-449214.12872841454,-432,-441.0,-2502.0,-352.0,-82816.0125588697,28665.0,5.180533751962323,0.1843575418994413,805500.0,0.028663,805500.0,74250.0,148500.0,11,1.8999537571385068,1.0,1.0,2.0,0.26547538037573265
90895,0.593356251822481,0.4170996682522097,25.11703423082127,-20037,0.11393921245695465,-503270.01488296577,-3549,-10019.0,-2283.0,-1491.0,-94884.99526451089,33259.5,4.7354891083750505,0.1885369532428356,835380.0,0.009656999999999999,675000.0,78750.0,157500.0,16,5.0,2.0,2.0,2.0,0.0
291982,0.530921402606887,0.5567274263630174,20.0,-15688,0.1697475777664457,-313760.0,-4937,-5014.0,-2663.0,-918.0,-104586.66666666669,6750.0,6.666666666666668,0.3333333333333333,135000.0,0.014519999999999996,135000.0,15000.0,45000.0,11,4.0,0.0,0.0,3.0,0.0
19424,0.5531463315004163,0.5108556388496169,16.3017168589924,-16505,0.1595274159345653,-269059.83675766963,-44,-2641.0,-2633.0,-1853.0,-131618.81977671452,47965.5,7.974481658692184,0.4891804788213628,781920.0,0.020713,675000.0,191250.0,382500.0,10,0.0,0.0,0.0,2.0,0.0
147381,0.14240556971114973,0.6986675550534175,23.402843601895732,-18858,0.3714073602715028,-441330.82464454975,-2411,-2033.0,-7004.0,-1415.0,-83788.50710900474,15192.0,4.443127962085309,0.18985419198055886,355536.0,0.009549,270000.0,22500.0,67500.0,11,1.0,0.0,0.0,3.0,0.0
188178,0.6412035787679794,0.6212263380626669,8.842677757338238,-13943,0.18095101484615936,-123293.45597056705,-1020,-3140.0,-2523.0,0.0,-39031.032552187484,56263.5,2.7993281612413017,0.3165701881331404,497520.0,0.0031219999999999998,450000.0,39375.0,157500.0,10,1.0,0.0,0.0,4.0,0.0
90926,0.4858300186449732,0.5108556388496169,30.848206697263304,-14752,0.08961496746203905,-455072.7451980282,-4600,-4600.0,-1322.0,-1570.0,-45136.155022947474,26473.5,3.059663437021928,0.09918448313863787,816660.0,0.006629,585000.0,27000.0,81000.0,4,4.0,0.0,0.0,3.0,1.0
161227,0.6919613608579109,0.4489622731076524,20.0,-10931,0.061842466380020125,-218620.0,-3079,-1903.0,-676.0,-916.0,-121455.55555555555,10125.0,11.111111111111109,0.5555555555555556,202500.0,0.035792000000000004,202500.0,112500.0,112500.0,13,0.0,0.0,0.0,1.0,0.0
277012,0.14268353859605262,0.3876253444214701,37.668956348327065,-14163,0.15639341947327542,-533505.4287613562,-4941,-3273.0,-2215.0,-1984.0,-62765.34456015952,20308.5,4.431641923332594,0.1176470588235294,765000.0,0.018209,765000.0,30000.0,90000.0,12,2.0,1.0,1.0,3.0,0.0
153000,0.5703662995479544,0.4740512892789932,21.30551592962434,-10787,0.020116807268007787,-229822.6003328578,-3333,-5130.0,-217.0,-2240.0,-53858.05991440799,18927.0,4.992867332382311,0.23434622981553604,403249.5,0.00733,283500.0,47250.0,94500.0,18,2.0,0.0,0.0,2.0,0.0
275076,0.4365579363995251,0.501075160239048,25.107719928186718,-19593,0.01245342724442403,-491935.5565529623,-3108,-11228.0,-244.0,-895.0,-131909.78456014366,30078.0,6.73249551166966,0.2681444404719342,755190.0,0.020246,675000.0,101250.0,202500.0,12,1.0,3.0,3.0,2.0,1.0
77907,0.753846628778071,0.2866524828090694,30.7720977083858,-21113,0.02808696064036376,-649691.2989171493,-4489,-5047.0,-593.0,-2579.0,-255206.24527826745,17869.5,12.087635356333413,0.3928115486595306,549882.0,0.072508,459000.0,108000.0,216000.0,20,2.0,3.0,3.0,2.0,0.0
105042,0.4477115608872648,0.42765737003502935,12.626262626262625,-13728,0.11975524475524475,-173333.33333333337,-3709,-7825.0,-1644.0,0.0,-104000.0,53460.0,7.575757575757576,0.6,675000.0,0.026392000000000002,675000.0,202500.0,405000.0,12,2.0,0.0,0.0,2.0,0.0
208671,0.02364702950411837,0.5108556388496169,12.473054465396766,-11247,0.02044989775051125,-140284.4435723174,-641,-4996.0,-230.0,-522.0,-37680.19527136977,47011.5,3.3502440892122136,0.26859852961490643,586377.0,0.030755,553500.0,78750.0,157500.0,16,1.8999537571385068,0.0,0.0,2.0,0.26547538037573265
269566,0.7245413614389458,0.3077366963789207,34.19972640218878,-14469,0.17782846084732878,-494835.8413132695,-5219,-3515.0,-2573.0,-2774.0,-79173.73461012312,32895.0,5.471956224350206,0.16,1125000.0,0.009175,1125000.0,90000.0,180000.0,14,0.0,3.0,3.0,2.0,0.0
178634,0.5026642364732409,0.07058051883159755,15.24375650364204,-20820,0.11451275894877253,-317375.0104058273,-3840,-9370.0,-2384.155641313444,-333.0,-151654.52653485953,17298.0,7.2840790842872,0.4778401624656553,263686.5,0.009656999999999999,238500.0,63000.0,126000.0,10,4.0,2.0,2.0,2.0,0.0
122854,0.6119846614692009,0.20208660168203949,16.346190028222015,-21473,0.11103039357860774,-351001.73847601126,-1499,-210.0,-2384.155641313444,-170.0,-101001.88146754466,19134.0,4.703668861712137,0.2877532228360958,312768.0,0.009175,270000.0,90000.0,90000.0,10,2.0,0.0,0.0,1.0,3.0
142428,0.5367060687309375,0.4170996682522097,20.662847790507364,-13603,0.02043666838197456,-281076.71849427174,-4865,-77.0,-278.0,-2367.0,-111317.51227495908,21996.0,8.183306055646481,0.3960396039603961,454500.0,0.028663,454500.0,45000.0,180000.0,10,0.0,0.0,0.0,4.0,0.0
20476,0.5627141061025026,0.34578480246959553,10.265270860859843,-10267,0.2091165871237947,-105393.53592844801,-2856,-106.0,-2147.0,-1170.0,-41740.01422908832,44275.5,4.065453806281127,0.3960396039603961,454500.0,0.00963,454500.0,90000.0,180000.0,15,4.0,0.0,0.0,2.0,1.0
118402,0.6077859933248932,0.3723336657058204,9.480511381353288,-15080,0.2430371352785146,-142966.1116308076,-4047,-9143.0,-3665.0,-2.0,-58777.673838478324,28863.0,3.897723729342064,0.4111301144586239,273636.0,0.018801,247500.0,37500.0,112500.0,12,0.0,4.0,3.0,3.0,0.0
182279,0.3920038921406021,0.5797274227921155,36.36363636363637,-9188,0.14235959947757945,-334109.0909090909,-1871,-1776.0,-1308.0,-1218.0,-43434.181818181816,24750.0,4.727272727272728,0.13,900000.0,0.028663,900000.0,29250.0,117000.0,11,4.0,1.0,1.0,4.0,0.0
278770,0.168774722240334,0.7267112092725122,13.754258460140813,-14896,0.5070488721804511,-204883.43402225754,-4178,-7729.0,-7553.0,-1469.0,-101494.43561208267,39627.0,6.813536225300932,0.4953764861294584,545040.0,0.016612000000000002,450000.0,135000.0,270000.0,16,1.0,2.0,2.0,2.0,0.0
158565,0.7111316086807091,0.6925590674998008,34.06724511930586,-16131,0.2689231913706528,-549538.7310195228,-4618,-8553.0,-4338.0,-3288.0,-153087.03904555313,33192.0,9.490238611713666,0.27857370264247056,1130760.0,0.072508,810000.0,105000.0,315000.0,12,4.0,0.0,0.0,3.0,0.0
254270,0.6689993168767994,0.4294236843421945,34.058553386911605,-20689,0.2193436125477307,-704637.4110218141,-4117,-11465.0,-4538.0,-3070.0,-178148.6796785304,31356.0,8.610792192881744,0.2528231923141749,1067940.0,0.04622,765000.0,135000.0,270000.0,13,3.0,0.0,0.0,2.0,0.0
74569,0.6318340711008479,0.8038850611746273,27.75215071327453,-11640,0.2073024054982818,-323035.0343025155,-3557,-774.0,-2413.0,-1240.0,-69715.7791571382,41323.5,5.98932810628335,0.21581491712707185,1146816.0,0.00496,990000.0,123750.0,247500.0,14,2.0,1.0,1.0,2.0,1.0
64882,0.6809913869332948,0.7946285827840042,22.218100890207715,-11877,0.16973983329123515,-263884.38427299703,-3760,-886.0,-2016.0,-1933.0,-308379.0801186944,6066.0,25.96439169139466,1.1686143572621035,134775.0,0.019101,112500.0,78750.0,157500.0,16,3.0,1.0,1.0,2.0,0.0
84957,0.6752686363859779,0.4507472818545589,12.558038147138966,-9762,0.06177012907191149,-122591.56839237055,-2152,-91.0,-603.0,0.0,-53198.91008174387,16515.0,5.4495912806539515,0.4339524388127061,207396.0,0.00496,157500.0,30000.0,90000.0,14,0.0,0.0,0.0,3.0,2.0
38024,0.3978196813188044,0.6212263380626669,16.473135525260627,-12690,0.09314420803782504,-209044.08981555735,-918,-1331.0,-1182.0,-397.0,-81411.38732959103,28057.5,6.4153969526864465,0.38944601304644144,462195.0,0.002506,351000.0,60000.0,180000.0,7,1.0,0.0,0.0,3.0,0.0
107247,0.7739475295979923,0.4083588531230431,17.909609520999307,-14058,0.2627685303741642,-251773.29064620828,-4770,-144.0,-3694.0,-1922.0,-69135.43818235467,45751.5,4.917871545195238,0.274594012752146,819391.5,0.005002,715500.0,75000.0,225000.0,14,2.0,0.0,0.0,3.0,0.0
231084,0.4040066718052384,0.5108556388496169,8.426966292134832,-9056,0.05256183745583039,-76314.60674157304,-1697,-3693.0,-476.0,-653.0,-157716.8539325843,16020.0,17.415730337078653,2.066666666666667,135000.0,0.026392000000000002,135000.0,279000.0,279000.0,10,7.0,6.0,6.0,1.0,0.0
74385,0.6258575412536524,0.5064842396679806,20.620631814369585,-18254,0.07412074065958146,-376409.01313950244,-1805,-10872.0,-1353.0,-761.0,-142888.45401174168,16096.5,7.8277886497064575,0.3796095444685466,331920.0,0.010032,225000.0,126000.0,126000.0,6,2.0,4.0,4.0,1.0,0.0
140126,0.6066177022387004,0.7503751495159068,12.657481211569117,-13457,0.13858958163037824,-170331.72466408563,-4745,-4745.0,-1865.0,-411.0,-122587.1099977226,39519.0,9.109542245502164,0.7196962881663937,500211.0,0.022625,463500.0,180000.0,360000.0,9,3.0,1.0,1.0,2.0,0.0
153096,0.34112290759888264,0.5585066276769286,20.0,-13021,0.3025881268719761,-260420.0,-4649,-437.0,-3940.0,-84.0,-85228.36363636365,12375.0,6.545454545454546,0.3272727272727273,247500.0,0.014519999999999996,247500.0,81000.0,81000.0,7,3.0,1.0,1.0,1.0,0.0
185654,0.5201637867199876,0.6006575372857061,26.985556022998182,-15537,0.04402394284610929,-419274.5839293227,-4263,-9414.0,-684.0,-4.0,-87151.87210769879,32089.5,5.609311457018652,0.20786347526944304,865953.0,0.030755,774000.0,90000.0,180000.0,11,0.0,1.0,1.0,2.0,0.0
303352,0.3146243409982624,0.7295666907060153,27.56719503790489,-22075,0.1080025205578004,-608545.8304617505,-4349,-8275.0,-2384.155641313444,-1415.0,-228204.6864231565,13059.0,10.337698139214336,0.375,360000.0,0.010966,360000.0,135000.0,135000.0,14,0.0,1.0,1.0,1.0,0.0
37124,0.5153972585661383,0.6642482627052363,27.764705882352942,-19008,0.03345959595959596,-527751.5294117647,-2561,-11979.0,-636.0,-989.0,-71559.5294117647,47812.5,3.7647058823529416,0.13559322033898305,1327500.0,0.015221,1327500.0,90000.0,180000.0,12,2.0,0.0,0.0,2.0,0.0
67918,0.6438605498938673,0.7662336700704004,30.844490216271893,-23550,0.029639065817409768,-726387.744593203,-4255,-11236.0,-698.0,-1748.0,-129351.184346035,26217.0,5.492619292825266,0.17807456872565386,808650.0,0.04622,675000.0,72000.0,144000.0,17,2.0,7.0,7.0,2.0,0.0
171472,0.12438520856349793,0.5656079814115492,30.81347576006573,-16290,0.16028238182934315,-501951.5201314708,-4765,-6102.0,-2611.0,-2220.0,-117122.02136400988,21906.0,7.189811010682004,0.2333333333333333,675000.0,0.018209,675000.0,157500.0,157500.0,9,1.0,0.0,0.0,1.0,0.0
231114,0.6510977055204294,0.2608559142068693,15.136226034308779,-12501,0.14574834013278934,-189217.96165489405,-4121,-1122.0,-1822.0,-806.0,-94608.98082744703,8919.0,7.5681130171543884,0.5,135000.0,0.010556,135000.0,16875.0,67500.0,18,0.0,0.0,0.0,4.0,0.0
19183,0.7222266294820745,0.6690566947824041,23.48405187521907,-17061,0.28409823574233634,-400661.4090431125,-617,-9888.0,-4847.0,-2052.0,-149500.5257623554,25677.0,8.762705923589204,0.373134328358209,603000.0,0.028663,603000.0,112500.0,225000.0,12,5.0,0.0,0.0,2.0,0.0
230795,0.5653274518042942,0.1595195404777181,13.709184095230222,-16073,0.07633920238909972,-220347.71596263532,-4211,-9754.0,-1227.0,-2401.0,-57133.09084897082,54436.5,3.5546003141274696,0.2592860588519055,746280.0,0.00702,675000.0,193500.0,193500.0,13,0.0,0.0,0.0,1.0,0.0
149088,0.4863762858378711,0.6658549219640212,20.0,-19284,0.2217382285832815,-385680.0,-2810,-8294.0,-4276.0,-2760.0,-122716.36363636365,24750.0,6.363636363636362,0.3181818181818182,495000.0,0.01885,495000.0,78750.0,157500.0,11,2.0,0.0,0.0,2.0,0.0
192703,0.741886389505932,0.5108556388496169,23.532086390410253,-14583,0.1634886951459538,-343168.41583135264,-4486,-8735.0,-2384.155641313444,-2156.0,-135175.6846129999,43546.5,9.269401674072544,0.39390479536272616,1024740.0,0.072508,900000.0,201825.0,403650.0,16,3.0,0.0,0.0,2.0,2.0
103700,0.5070974372595088,0.5108556388496169,18.377578001057643,-9758,0.06989137118261939,-179328.40613432048,-2427,-4354.0,-682.0,-217.0,-98044.4209413009,42547.5,10.047593865679534,0.546731123388582,781920.0,0.072508,675000.0,427500.0,427500.0,17,1.8999537571385068,4.0,4.0,1.0,0.26547538037573265
239084,0.6983146802065276,0.5108556388496169,20.0,-16918,0.31753162312330063,-338360.0,-473,-1574.0,-5372.0,-158.0,-116888.0,61875.0,6.909090909090909,0.34545454545454546,1237500.0,0.01885,1237500.0,213750.0,427500.0,11,1.8999537571385068,0.0,0.0,2.0,0.26547538037573265
111224,0.4010878156287523,0.16640554618393638,8.3901571301512,-13087,0.22617865056926725,-109801.98636228876,-5152,-5132.0,-2960.0,0.0,-38799.28846723985,30357.0,2.964719833975689,0.353356890459364,254700.0,0.020713,225000.0,22500.0,90000.0,7,1.0,3.0,3.0,4.0,0.0
162412,0.3942263602885841,0.39449540531239935,26.083295608872792,-23252,0.10253550839985567,-606488.7894975102,-4169,-13598.0,-2384.155641313444,-1822.0,-94734.26889995474,19881.0,4.074241738343142,0.15620118712902215,518562.0,0.020713,463500.0,81000.0,81000.0,13,2.0,7.0,7.0,1.0,0.0
21738,0.2117171284507686,0.5108556388496169,19.52417962003454,-14054,0.1869930268962573,-274392.8203799654,-4467,-2684.0,-2628.0,-4.0,-93046.05641911342,15633.0,6.620610247553254,0.33909799932180396,305221.5,0.020246,252000.0,51750.0,103500.0,10,0.0,0.0,0.0,2.0,0.0
109882,0.6873513005170421,0.5262949398096192,20.0,-22971,0.10378980633465866,-459420.0,-5073,-12453.0,-2384.155641313444,-175.0,-229710.0,13500.0,10.0,0.5,270000.0,0.006629,270000.0,67500.0,135000.0,2,0.0,1.0,1.0,2.0,0.0
25133,0.7252391098088997,0.5108556388496169,26.255072002545948,-19757,0.12067397081102615,-518721.4575543003,-3300,-4555.0,-2384.155641313444,-1542.0,-141469.48842390007,56560.5,7.160474182512531,0.2727272727272727,1485000.0,0.026392000000000002,1485000.0,202500.0,405000.0,10,2.0,0.0,0.0,2.0,0.0
73498,0.6097182574139723,0.5656079814115492,21.42968180714112,-17394,0.616304472806715,-372747.8853534127,-939,-7176.0,-10720.0,-2.0,-105623.02647558901,18526.5,6.0723828030119025,0.2833631809217237,397017.0,0.00733,301500.0,112500.0,112500.0,17,0.0,1.0,1.0,1.0,0.0
106414,0.20861358491010293,0.3344541255096772,30.998140111593305,-19967,0.2522161566584865,-618939.8636081836,-3506,-5194.0,-5036.0,-1703.0,-90777.8466625336,21775.5,4.5463938830336845,0.14666666666666667,675000.0,0.016612000000000002,675000.0,49500.0,99000.0,22,1.0,1.0,1.0,2.0,0.0
262824,0.6572911920664802,0.10684194768082178,28.142324362463466,-16158,0.02822131451912365,-454723.6770486846,-3884,-1843.0,-456.0,-911.0,-97719.98790444512,44644.5,6.047777441790142,0.2148997134670487,1256400.0,0.010032,900000.0,135000.0,270000.0,8,0.0,1.0,1.0,2.0,0.0
274986,0.7419617563331398,0.3893387918468769,12.628693268352118,-19162,0.10432105208224612,-241991.02040816328,-2713,-5745.0,-1999.0,-351.0,-80255.10204081633,59094.0,4.188242461163569,0.3316449589966233,746280.0,0.072508,675000.0,123750.0,247500.0,11,6.0,0.0,0.0,2.0,0.0
265805,0.6680834761157887,0.4083588531230431,34.087035564140436,-17232,0.0880338904363974,-587387.796841268,-766,-8869.0,-1517.0,-1015.0,-97897.96614021133,39604.5,5.6811725940234075,0.16666666666666666,1350000.0,0.008625,1350000.0,112500.0,225000.0,14,1.0,0.0,0.0,2.0,0.0
175000,0.4004576253835608,0.5406544504453575,10.042036431574033,-17483,0.030658353829434312,-175564.9229332088,-1037,-3297.0,-536.0,-1419.0,-57160.67258290519,19269.0,3.2695002335357315,0.32558139534883723,193500.0,0.015221,193500.0,63000.0,63000.0,8,0.0,0.0,0.0,1.0,0.0
187984,0.3936364016996018,0.7076993447402619,20.0,-15221,0.045332106957492936,-304420.0,-5091,-453.0,-690.0,-490.0,-111620.66666666666,33750.0,7.333333333333332,0.36666666666666653,675000.0,0.0228,675000.0,82500.0,247500.0,13,1.0,2.0,2.0,3.0,0.0
77125,0.6573798524207403,0.7969726818373722,9.373828271466069,-14328,0.15096314907872696,-134308.2114735658,-3986,-2750.0,-2163.0,-1711.0,-94015.74803149607,24003.0,6.561679790026248,0.7,225000.0,0.026392000000000002,225000.0,78750.0,157500.0,18,0.0,0.0,0.0,2.0,0.0
219157,0.21893616817383665,0.7295666907060153,20.0,-18598,0.009086998602000214,-371960.0,-2149,-5510.0,-169.0,-133.0,-232475.0,9000.0,12.5,0.625,180000.0,0.019688999999999998,180000.0,112500.0,112500.0,11,1.0,0.0,0.0,1.0,0.0
69461,0.5446944112273626,0.6848276586890367,20.0,-9997,0.13083925177553266,-199940.0,-1873,-9046.0,-1308.0,-1940.0,-114965.5,9000.0,11.5,0.575,180000.0,0.010147,538397.7244888991,51750.0,103500.0,10,2.0,7.0,7.0,2.0,0.0
131628,0.4985258259955066,0.2807895743848605,34.05890071438986,-11684,0.055888394385484416,-397944.195946931,-4246,-2609.0,-653.0,-27.0,-80062.39976672985,30865.5,6.852310832482869,0.20119001755061852,1051245.0,0.004849,877500.0,52875.0,211500.0,15,2.0,3.0,3.0,4.0,0.0
99571,0.5732254208848316,0.5108556388496169,20.0,-17616,0.0976952770208901,-352320.0,-1180,-5527.0,-1721.0,0.0,-117440.0,6750.0,6.666666666666668,0.3333333333333333,135000.0,0.020246,135000.0,22500.0,45000.0,6,1.8999537571385068,1.0,1.0,2.0,0.26547538037573265
127711,0.5854447253369133,0.6212263380626669,23.67015706806283,-17452,0.0206280082512033,-413091.5811518325,-993,-7061.0,-360.0,-1612.0,-106600.34904013963,25785.0,6.108202443280977,0.25805500258055003,610335.0,0.020713,463500.0,52500.0,157500.0,8,0.0,3.0,3.0,3.0,0.0
172248,0.040646569172482536,0.5108556388496169,12.541575149042988,-20182,0.11813277382387495,-253114.0696579856,-3386,-9616.0,-2384.155641313444,-95.0,-177312.8333856291,14341.5,8.785691873235017,0.7005253940455342,179865.0,0.031329,148500.0,42000.0,126000.0,15,5.0,1.0,1.0,3.0,0.0
222155,0.5322881100234927,0.4866531565147181,18.190086402910413,-12502,0.04327307630779075,-227412.460209186,-2704,-3553.0,-541.0,-325.0,-125076.85311505226,9895.5,10.004547521600728,0.55,180000.0,0.018209,180000.0,49500.0,99000.0,8,0.0,0.0,0.0,2.0,0.0
95294,0.2908339964847785,0.5108556388496169,13.754258460140813,-17271,0.0671067106710671,-237549.797865092,-809,-8790.0,-1159.0,-492.0,-88257.43811037928,39627.0,5.110152168975699,0.37153236459709377,545040.0,0.01885,450000.0,101250.0,202500.0,12,1.8999537571385068,17.0,17.0,2.0,0.26547538037573265
67036,0.6671323704571803,0.3672910183026313,18.723108952116586,-15312,0.4009273772204807,-286688.24427480914,-4045,-3842.0,-6139.0,-2295.0,-63755.725190839694,51876.0,4.163775156141568,0.2223869532987398,971280.0,0.016612000000000002,900000.0,72000.0,216000.0,10,1.0,0.0,0.0,3.0,0.0
9186,0.2742064814466821,0.4365064990977374,17.864516129032253,-9809,0.011825874197165869,-175233.0387096774,-2495,-4649.0,-116.0,0.0,-62451.18845500849,53010.0,6.366723259762309,0.35638934823515994,946998.0,0.01885,877500.0,84375.0,337500.0,12,1.0,0.0,0.0,4.0,1.0
235615,0.6446924928442427,0.11987796089553485,20.44097721207144,-13121,0.10448898711988416,-268206.06199958944,-3601,-6275.0,-1371.0,-729.0,-40405.46089098748,21919.5,3.0794498049681787,0.15065081150570464,448056.0,0.02461,315000.0,22500.0,67500.0,12,3.0,12.0,11.0,3.0,0.0
187946,0.6136812966798733,0.5656079814115492,23.53746671738304,-21322,0.11181669830754357,-501865.8653480411,-4590,-1404.0,-2384.155641313444,-1325.0,-101378.85127424877,47322.0,4.754659566375048,0.2020038784744667,1113840.0,0.04622,900000.0,112500.0,225000.0,15,2.0,0.0,0.0,2.0,1.0
19736,0.7656241519276733,0.7850520263728172,30.86225185634187,-15048,0.5153508771929824,-464415.1659342325,-3975,-7552.0,-7755.0,-2356.0,-91213.82027579936,29695.5,6.061524473405062,0.1964057743297653,916470.0,0.008865999999999999,765000.0,45000.0,180000.0,12,2.0,0.0,0.0,4.0,0.0
160115,0.4510013210452314,0.6577838002083306,20.0,-17438,0.062335130175478835,-348760.0,-943,-1084.0,-1087.0,-303.0,-435950.0,9000.0,25.0,1.25,180000.0,0.014519999999999996,180000.0,225000.0,225000.0,15,0.0,0.0,0.0,1.0,0.0
100920,0.5182914167052346,0.35895122857839673,34.07502569373073,-14402,0.09158450215247882,-490748.52004111,-3918,-7323.0,-1319.0,0.0,-77708.63309352519,35028.0,5.395683453237409,0.15834715729150958,1193580.0,0.008625,855000.0,63000.0,189000.0,12,3.0,0.0,0.0,3.0,1.0
156956,0.7511055454277231,0.6769925032909132,25.215552301935908,-14361,0.13230276443144628,-362120.54660810146,-163,-8170.0,-1900.0,0.0,-93450.46364080039,27661.5,6.507239303725394,0.25806451612903225,697500.0,0.006629,697500.0,45000.0,180000.0,9,1.0,0.0,0.0,4.0,0.0
119167,0.2394425879383585,0.5954562029091491,19.529342837613516,-15130,0.011235955056179777,-295478.95713309245,-4743,-6206.0,-170.0,0.0,-72392.34449760767,46084.5,4.784688995215312,0.245,900000.0,0.028663,900000.0,110250.0,220500.0,10,0.0,0.0,0.0,2.0,0.0
65834,0.3474367290212039,0.3001077565791181,14.728544183089635,-9822,0.13683567501527186,-144663.7609663064,-2495,-4651.0,-1344.0,-1358.0,-99905.91226954863,35392.5,10.1716465352829,0.6906077348066298,521280.0,0.010643000000000001,450000.0,360000.0,360000.0,17,1.0,2.0,2.0,1.0,0.0
153554,0.15692584684947247,0.6512602186973006,20.0,-13084,0.09301436869458883,-261680.0,-3720,-6936.0,-1217.0,-630.0,-157008.0,11250.0,12.0,0.6,225000.0,0.015221,405000.0,33750.0,135000.0,13,2.0,0.0,0.0,4.0,0.0
184,0.5002314931327102,0.5108556388496169,15.290516017042766,-10127,0.010960797867087984,-154847.05570459206,-337,-1724.0,-111.0,-130.0,-71913.36594603125,28516.5,7.1011519646520425,0.4644154557463672,436032.0,0.032561,360000.0,67500.0,202500.0,14,1.8999537571385068,0.0,0.0,3.0,0.26547538037573265
7836,0.5562305738778408,0.5478104658520093,20.0,-12430,0.14271922767497988,-248600.0,-2442,-666.0,-1774.0,-152.0,-24860.0,67500.0,2.0,0.1,1350000.0,0.031329,1350000.0,33750.0,135000.0,12,1.0,3.0,3.0,4.0,1.0
5094,0.5675078430375975,0.6754132910917112,9.993504222255538,-14042,0.18936048995869534,-140328.7862889122,-4539,-2282.0,-2659.0,-1660.0,-56131.514515564886,90058.5,3.9974016889022135,0.4,900000.0,0.028663,900000.0,180000.0,360000.0,13,2.0,1.0,1.0,2.0,0.0
190244,0.5646825129942302,0.4311917977993083,15.563553703352909,-11539,0.3111188144553254,-179587.84618298922,-1849,-295.0,-3590.0,-1571.0,-135521.5002841447,23755.5,11.744648607690849,0.7546251217137293,369720.0,0.035792000000000004,292500.0,139500.0,279000.0,11,1.0,5.0,5.0,2.0,0.0
34409,0.6454234798835241,0.8128226070575616,19.31489841986456,-17836,0.02679973088136353,-344500.52821670426,-1298,-38.0,-478.0,-150.0,-86275.39503386004,27909.0,4.837149306675267,0.2504361763404596,539059.5,0.035792000000000004,499500.0,135000.0,135000.0,13,0.0,0.0,0.0,1.0,2.0
75980,0.5293090732983949,0.5549467685334323,20.0,-14376,0.06218697829716194,-287520.0,-3800,-389.0,-894.0,-715.0,-111813.33333333331,20250.0,7.777777777777778,0.3888888888888889,405000.0,0.002042,405000.0,78750.0,157500.0,15,0.0,1.0,1.0,2.0,0.0
216397,0.464869457145385,0.3893387918468769,30.844490216271893,-11112,0.14380849532037435,-342743.9752832132,-3666,-10501.0,-1598.0,-1598.0,-123975.28321318227,26217.0,11.156882938551323,0.3617139677239844,808650.0,0.018634,675000.0,292500.0,292500.0,17,1.0,0.0,0.0,1.0,0.0
56676,0.6423849780333304,0.4365064990977374,22.608601841196776,-23647,0.036029940372986,-534625.6077387802,-4683,-6120.0,-852.0,-643.0,-159868.95857307248,31284.0,6.760644418872267,0.2990297439160172,707287.5,0.030755,562500.0,105750.0,211500.0,18,7.0,0.0,0.0,2.0,0.0
269010,0.6226620335834411,0.5108556388496169,9.523809523809524,-15386,0.2754452099311062,-146533.33333333337,-4850,-5651.0,-4238.0,0.0,-73266.66666666669,16065.0,4.761904761904762,0.5,153000.0,0.009175,153000.0,25500.0,76500.0,13,1.0,0.0,0.0,3.0,0.0
258180,0.7007185956626218,0.4974688893052743,34.19972640218878,-13050,0.030268199233716483,-446306.4295485636,-78,-2989.0,-395.0,-1939.0,-133891.92886456908,26316.0,10.259917920656637,0.3,900000.0,0.035792000000000004,900000.0,135000.0,270000.0,9,0.0,0.0,0.0,2.0,0.0
158890,0.7046793757551191,0.29708661164720285,15.606251122687265,-10831,0.041639737789677785,-169031.30590982578,-1872,-78.0,-451.0,0.0,-63231.09394647028,50103.0,5.837973774025508,0.3740791896869245,781920.0,0.00963,675000.0,146250.0,292500.0,15,0.0,0.0,0.0,2.0,0.0
238723,0.7663414808940043,0.3723336657058204,23.52955133735979,-17687,0.016848532820715783,-416167.17450388265,-1217,-9164.0,-298.0,-404.0,-127807.26919758412,41724.0,7.226056945642796,0.3071055984892238,981747.0,0.018634,877500.0,150750.0,301500.0,12,2.0,0.0,0.0,2.0,0.0
18906,0.7464036302679987,0.7352209993926424,37.716138328530256,-22234,0.5719168840514527,-838580.6195965417,-4351,-9862.0,-12716.0,-1438.0,-240280.9798270893,24984.0,10.806916426512966,0.28653295128939826,942300.0,0.02461,675000.0,135000.0,270000.0,13,2.0,0.0,0.0,2.0,1.0
207148,0.40983817265628464,0.5691487713619409,10.868383871318333,-23286,0.10238579581351216,-253081.18682751874,-4356,-1420.0,-2384.155641313444,-294.0,-151848.71209651124,41404.5,6.521030322791001,0.6,450000.0,0.035792000000000004,450000.0,270000.0,270000.0,10,0.0,0.0,0.0,1.0,1.0
9877,0.5836072395109638,0.5814837058057234,34.0161714930425,-17773,0.06847465256287627,-604569.4159458444,-1290,-3530.0,-1217.0,-373.0,-150392.06468597215,23931.0,8.461827754795035,0.2487589691428319,814041.0,0.035792000000000004,679500.0,202500.0,202500.0,11,1.0,0.0,0.0,1.0,0.0
301442,0.020398793633453274,0.5602843280409464,21.450997030123037,-10945,0.3758793969849246,-234781.16249469665,-279,-5155.0,-4114.0,-1862.0,-92872.29529062368,10606.5,8.485362749257531,0.39556962025316456,227520.0,0.020246,180000.0,22500.0,90000.0,16,3.0,0.0,0.0,4.0,0.0
161869,0.08640124762239274,0.7583930617144343,12.658495350803044,-12659,0.23856544750770206,-160243.89264581574,-4021,-6784.0,-3020.0,-265.0,-93631.65680473374,21294.0,7.396449704142013,0.5843071786310517,269550.0,0.00963,225000.0,78750.0,157500.0,11,2.0,0.0,0.0,2.0,0.0
217127,0.4889878699749645,0.4066174366275036,20.0,-7741,0.028678465314558838,-154820.0,-118,-7741.0,-222.0,-630.0,-181913.5,9000.0,23.5,1.175,180000.0,0.031329,180000.0,211500.0,211500.0,14,0.0,0.0,0.0,1.0,0.0
19921,0.6038956808069772,0.3740208032583212,20.0,-12920,0.007739938080495356,-258400.0,-4363,-5986.0,-100.0,-564.0,-129200.0,9000.0,10.0,0.5,180000.0,0.00496,538397.7244888991,90000.0,90000.0,18,1.0,2.0,2.0,1.0,2.0
300918,0.5266386858890758,0.5108556388496169,16.34580457682528,-15213,0.3082232301321238,-248668.725027243,-4462,-6321.0,-4689.0,-2220.0,-110519.43334544133,24777.0,7.2648020341445685,0.4444444444444444,405000.0,0.035792000000000004,405000.0,90000.0,180000.0,13,3.0,1.0,1.0,2.0,0.0
84523,0.7618321582720342,0.6832688314232291,20.0,-10289,0.14413451258625715,-205780.0,-2975,-10104.0,-1483.0,-261.0,-102890.0,13500.0,10.0,0.5,270000.0,0.011703,270000.0,45000.0,135000.0,15,2.0,0.0,0.0,3.0,0.0
198365,0.4955683472606134,0.4596904504249018,25.5584035151959,-18438,0.0840655168673392,-471245.84401318204,-1961,-9133.0,-1550.0,-3355.0,-236298.05931893078,12289.5,12.815818381545222,0.501432664756447,314100.0,0.018801,225000.0,157500.0,157500.0,7,7.0,5.0,5.0,1.0,0.0
242861,0.04373642460524845,0.2366108235287817,20.0,-14121,0.022023935981870968,-282420.0,-4346,-7987.0,-311.0,-1541.0,-200047.5,27000.0,14.166666666666664,0.7083333333333334,540000.0,0.019101,540000.0,76500.0,382500.0,16,5.0,0.0,0.0,5.0,0.0
147166,0.7207369987419064,0.646329897706246,19.474196689386567,-21559,0.1105874874211904,-419844.2064264849,-4663,-5758.0,-2384.155641313444,-988.0,-159540.79844206426,23107.5,7.400194741966894,0.38,450000.0,0.026392000000000002,450000.0,85500.0,171000.0,16,7.0,10.0,10.0,2.0,0.0
25241,0.6866930169376606,0.19633396621345675,21.58215638994144,-22183,0.09692106568092684,-478756.9751980709,-5118,-9885.0,-2150.0,-1932.0,-179573.02790217014,26127.0,8.09507406131588,0.3750817997542017,563877.0,0.072508,504000.0,211500.0,211500.0,13,3.0,0.0,0.0,1.0,0.0
216780,0.5488670465616536,0.7394117535524816,18.384042650978948,-13759,0.060978268769532676,-252946.04283481932,-4471,-7325.0,-839.0,-308.0,-65765.97113705304,48955.5,4.779851089254527,0.26,900000.0,0.026392000000000002,900000.0,78000.0,234000.0,18,3.0,2.0,2.0,3.0,0.0
288232,0.7156696520274625,0.6910212267577837,31.672460409424485,-21812,0.1093047699116745,-690839.7064503669,-3991,-7572.0,-2384.155641313444,-1602.0,-74138.89532638085,23301.0,3.3989957512553106,0.1073170731707317,738000.0,0.02461,738000.0,79200.0,79200.0,10,0.0,0.0,0.0,1.0,0.0
264754,0.6678264242222628,0.2735646775174348,20.435875765899006,-15599,0.022245015706135008,-318779.2260722586,-1031,-6005.0,-347.0,-2054.0,-197747.7287132897,21298.5,12.676949080921192,0.6203281535932508,435253.5,0.020713,306000.0,270000.0,270000.0,12,3.0,3.0,3.0,1.0,1.0
283748,0.6243355108871944,0.07446068789567313,34.08203125,-10404,0.020569011918492888,-354589.453125,-3011,-178.0,-214.0,-1916.0,-50800.78125,36864.0,4.8828125,0.14326647564469913,1256400.0,0.032561,900000.0,60000.0,180000.0,15,2.0,0.0,0.0,3.0,0.0
83064,0.5543081419873784,0.6940926425266661,30.861354214647626,-12074,0.3345204571807189,-372619.99078765546,-2424,-1529.0,-4039.0,-169.0,-42638.108398587436,29308.5,3.5313987409795797,0.11442786069651742,904500.0,0.006296,904500.0,25875.0,103500.0,12,5.0,0.0,0.0,4.0,1.0
212685,0.6418472778395634,0.6006575372857061,21.317416329140908,-16865,0.0843166320782686,-359518.2263909615,-395,-927.0,-1422.0,-1439.0,-143807.29055638454,21109.5,8.526966531656361,0.4,450000.0,0.026392000000000002,450000.0,90000.0,180000.0,14,5.0,7.0,7.0,2.0,0.0
14475,0.6001023850319552,0.5108556388496169,9.248013383521537,-20256,0.11770120662092436,-187327.75909661225,-3697,-11281.0,-2384.155641313444,-258.0,-70598.07611877876,32278.5,3.4852920674752546,0.3768692715870719,298512.0,0.018801,270000.0,112500.0,112500.0,7,0.0,2.0,2.0,1.0,0.0
18770,0.16730120103510415,0.4241303111942548,20.713404097753642,-13343,0.18106872517424866,-276378.9508763268,-4945,-3386.0,-2416.0,-864.0,-65875.09256973586,36459.0,4.937052579609973,0.23835061375283045,755190.0,0.019101,675000.0,45000.0,180000.0,13,9.0,8.0,8.0,4.0,0.0
102026,0.6739437794014859,0.6363761710860439,21.45002145002145,-12523,0.04439830711490857,-268618.6186186186,-2798,-6235.0,-556.0,-1701.0,-59096.096096096095,20979.0,4.719004719004719,0.22,450000.0,0.035792000000000004,450000.0,49500.0,99000.0,13,2.0,0.0,0.0,2.0,0.0
298980,0.7068545174894872,0.8128226070575616,23.602033405954966,-22286,0.10697997134135527,-525994.9164851125,-4611,-10854.0,-2384.155641313444,-1026.0,-121383.4422657952,24786.0,5.446623093681917,0.2307692307692308,585000.0,0.028663,585000.0,67500.0,135000.0,11,2.0,16.0,16.0,2.0,1.0
274271,0.3850270065935933,0.8357765157975799,10.082359701206665,-16046,0.005858157796335535,-161781.54376556215,-4388,-10081.0,-94.0,0.0,-46100.36391495882,46989.0,2.873012832790653,0.28495440729483285,473760.0,0.011656999999999999,450000.0,45000.0,135000.0,18,1.0,1.0,1.0,3.0,0.0
210819,0.6259599458242607,0.5989262182569273,26.359085963003263,-21047,0.014063762056350073,-554779.6822633296,-4326,-6391.0,-296.0,-2483.0,-100769.09684439607,20677.5,4.787812840043525,0.18163804491413474,545040.0,0.006670999999999999,450000.0,99000.0,99000.0,13,4.0,5.0,5.0,1.0,0.0
133967,0.7341068252839814,0.5108556388496169,19.57330201605011,-22816,0.08217917251051893,-446584.4587981993,-4278,-7753.0,-1875.0,0.0,-76624.96144059503,22990.5,3.3583871599138773,0.17157999999999998,450000.0,0.015221,450000.0,38605.5,77211.0,14,1.8999537571385068,0.0,0.0,2.0,0.26547538037573265
202255,0.7015708752387015,0.3490552510751822,34.03096818104475,-19603,0.08111003417844208,-667109.0692530202,-3148,-7860.0,-1590.0,-903.0,-166777.26731325506,26446.5,8.507742045261187,0.25,900000.0,0.008625,900000.0,112500.0,225000.0,13,1.0,0.0,0.0,2.0,0.0
202058,0.6918308349034564,0.5726825047161584,11.653169204189613,-13831,0.16152122044682235,-161174.98326314654,-4473,-182.0,-2234.0,-940.0,-74673.36140805528,41674.5,5.3989849908217264,0.4633061527057079,485640.0,0.010556,450000.0,75000.0,225000.0,17,1.0,0.0,0.0,3.0,0.0
196152,0.574995206788103,0.6296742509538716,37.65591903977406,-12930,0.02242846094354215,-486891.0331842786,-4887,-299.0,-290.0,-1278.0,-121722.75829606965,19120.5,9.413979759943516,0.25,720000.0,0.019688999999999998,720000.0,90000.0,180000.0,15,2.0,1.0,1.0,2.0,0.0
191031,0.3454117181903106,0.2650494299443805,22.36929460580913,-22113,0.10781692404076534,-494652.21161825716,-4289,-9645.0,-2384.155641313444,-670.0,-286734.9585062241,8676.0,12.966804979253114,0.5796698200704878,194076.0,0.008473999999999999,162000.0,56250.0,112500.0,9,5.0,0.0,0.0,2.0,1.0
187855,0.4609278020333941,0.5108556388496169,32.89415094339623,-17587,0.3828964576107352,-578509.4326415096,-1125,-3286.0,-6734.0,0.0,-44797.07547169812,47700.0,2.547169811320755,0.07743534148985598,1569051.0,0.0038130000000000004,1354500.0,60750.0,121500.0,6,2.0,1.0,1.0,2.0,1.0
86803,0.6747937371946119,0.7136313997323308,20.0,-20804,0.2952316862141896,-416080.0,-4234,-9393.0,-6142.0,-1326.0,-144027.6923076923,29250.0,6.9230769230769225,0.3461538461538461,585000.0,0.019101,585000.0,202500.0,202500.0,16,4.0,1.0,1.0,1.0,0.0
250721,0.07653055165540942,0.5108556388496169,20.785699438786114,-20076,0.15252042239489938,-417293.70193307,-3458,-9517.0,-3062.0,-1828.0,-125188.11057992102,21649.5,6.235709831635835,0.3,450000.0,0.020246,450000.0,67500.0,135000.0,10,1.8999537571385068,2.0,2.0,2.0,0.26547538037573265
282156,0.6366633069959248,0.6738300778602003,30.836550836550842,-19697,0.3909732446565467,-607387.5418275419,-3238,-7686.0,-7701.0,-2065.0,-72428.75528589814,24475.5,3.677146534289392,0.11924636298592893,754740.0,0.022625,630000.0,90000.0,90000.0,13,0.0,2.0,2.0,1.0,0.0
1020,0.4860758347704552,0.12373532211307872,12.626262626262625,-14328,0.04410943606923506,-180909.0909090909,-602,-1799.0,-632.0,-1072.0,-60303.030303030304,53460.0,4.2087542087542085,0.3333333333333333,675000.0,0.015221,675000.0,56250.0,225000.0,13,3.0,3.0,3.0,4.0,0.0
7721,0.7787165438769589,0.6832688314232291,28.110730593607308,-13642,0.2221814983140302,-383486.58675799094,-2044,-585.0,-3031.0,-1820.0,-136264.26940639268,31536.0,9.988584474885844,0.3553299492385787,886500.0,0.003540999999999999,886500.0,78750.0,315000.0,16,1.0,0.0,0.0,4.0,0.0
36835,0.7734651157659522,0.2678689358444539,19.09854851031321,-11701,0.2847619861550295,-223472.11611917493,-3948,-2830.0,-3332.0,-1668.0,-53633.307868602,23562.0,4.583651642475171,0.24,450000.0,0.028663,450000.0,108000.0,108000.0,10,0.0,0.0,0.0,1.0,0.0
167386,0.27748694423822445,0.6785676886853644,15.253572293533542,-15765,0.13022518236600064,-240472.56720755628,-4529,-16.0,-2053.0,-632.0,-76362.31533058852,18580.5,4.8437878420925164,0.31755104633069764,283419.0,0.030755,234000.0,45000.0,90000.0,14,1.0,0.0,0.0,2.0,0.0
158403,0.6016285093253819,0.6738300778602003,18.3225,-19681,0.19729688532086784,-360605.12250000006,-3211,-9140.0,-3883.0,-307.0,-123006.25,21600.0,6.25,0.34111065629690274,395766.0,0.031329,283500.0,67500.0,135000.0,10,0.0,0.0,0.0,2.0,1.0
198462,0.7344268339008476,0.6832688314232291,20.0,-12933,0.07074924611459059,-258660.0,-1896,-1874.0,-915.0,-2318.0,-143700.0,20250.0,11.111111111111109,0.5555555555555556,405000.0,0.072508,405000.0,112500.0,225000.0,15,3.0,1.422204748045575,1.4052511713498907,2.0,0.0
90047,0.1825593898538089,0.4830501881366946,13.743507692307693,-16740,0.08960573476702509,-230066.31876923077,-254,-1947.0,-1500.0,-669.0,-105075.69230769233,36562.5,6.276923076923077,0.45671914459190793,502497.0,0.04622,454500.0,229500.0,229500.0,11,2.0,0.0,0.0,1.0,1.0
196149,0.3551256437854799,0.2622489709189549,9.158949880668258,-18002,0.0482168647928008,-164879.41575179,-1548,-5885.0,-868.0,0.0,-360899.2840095465,9427.5,20.04773269689737,2.1888680425265794,86346.0,0.035792000000000004,81000.0,94500.0,189000.0,9,2.0,3.0,3.0,2.0,0.0
137314,0.3126566370346845,0.3910549766342248,28.077352175529942,-8617,0.1377509574097714,-241942.54369654148,-1047,-2382.0,-1187.0,-168.0,-64090.740052063964,24201.0,7.437709185570843,0.26490066225165565,679500.0,0.0228,679500.0,90000.0,180000.0,12,0.0,0.0,0.0,2.0,0.0
219486,0.7126744382856682,0.7380196196295241,9.477990508918344,-11330,0.3489849955869373,-107385.63246604484,-3659,-5451.0,-3954.0,-1092.0,-63037.146129929635,27499.5,5.563737522500409,0.5870165745856354,260640.0,0.00823,225000.0,51000.0,153000.0,12,3.0,0.0,0.0,3.0,0.0
298407,0.5286661479497122,0.746300213050371,20.785699438786114,-19514,0.00522701650097366,-405612.1388484722,-3048,-10206.0,-102.0,-2515.0,-73010.184992725,43299.0,3.7414258989815012,0.18,900000.0,0.010556,900000.0,162000.0,162000.0,10,1.0,2.0,2.0,1.0,0.0
175481,0.3935007028332477,0.4489622731076524,27.83964365256125,-11904,0.1322244623655914,-331403.1180400891,-3744,-2617.0,-1574.0,-1914.0,-39768.374164810695,24246.0,3.3407572383073503,0.12,675000.0,0.020246,675000.0,81000.0,81000.0,10,0.0,1.0,1.0,1.0,0.0
234561,0.09661003677488056,0.4329616670974407,23.47380281690141,-11042,0.07770331461691722,-259197.7307042253,-1929,-1405.0,-858.0,-776.0,-62208.45070422535,23962.5,5.633802816901407,0.24000384006144102,562491.0,0.018029,454500.0,33750.0,135000.0,8,0.0,2.0,2.0,4.0,0.0
111728,0.7205256825273019,0.8061492814355136,17.868279569892472,-14282,0.37361714045651867,-255194.76881720428,-4151,-2469.0,-5336.0,0.0,-56459.519291587596,56916.0,3.9531941808981657,0.2212408959371322,1016991.0,0.018634,909000.0,112500.0,225000.0,13,3.0,0.0,0.0,2.0,0.0
135487,0.2578151125700884,0.4614823912998385,27.666298098186644,-20583,0.1158312996800002,-569455.4137549757,-4104,-2806.0,-2384.155641313444,-1630.0,-113793.67536488279,20349.0,5.5285272003538255,0.19982894642186289,562981.5,0.005313,486000.0,56250.0,112500.0,13,3.0,1.0,1.0,2.0,0.0
89746,0.2867155736297268,0.2822484337007223,15.64945226917058,-15409,0.3288986955675255,-241142.41001564945,-4745,-7307.0,-5068.0,-2144.0,-160761.60667709965,8626.5,10.432968179447052,0.6666666666666666,135000.0,0.009549,135000.0,30000.0,90000.0,10,0.0,1.0,1.0,3.0,0.0
160700,0.6605936907843571,0.5709165417729987,20.37809727745488,-16138,0.049386541083157764,-328861.7338635669,-3926,-10181.0,-797.0,-1989.0,-123416.94707861732,14710.5,7.647598654022637,0.3752852167647412,299772.0,0.010276,247500.0,37500.0,112500.0,14,0.0,1.0,1.0,3.0,0.0
22590,0.5347643587402452,0.5108556388496169,22.13102740729884,-11599,0.1135442710578498,-256697.7868972593,-3880,-3880.0,-1317.0,-2392.0,-101999.12062142752,30703.5,8.793785724754507,0.3973509933774834,679500.0,0.0038179999999999998,679500.0,90000.0,270000.0,9,1.8999537571385068,0.0,0.0,3.0,0.26547538037573265
15237,0.4919006527923214,0.4048783643353997,37.56433765412583,-10661,0.1440765406622268,-400473.4037306355,-3343,-10646.0,-1536.0,-4.0,-84263.35757192539,14233.5,7.903888713246918,0.21040937247508756,534672.0,0.010643000000000001,423000.0,56250.0,112500.0,12,0.0,0.0,0.0,2.0,0.0
82428,0.05590608444567029,0.6754132910917112,13.712302017791275,-10259,0.10312895993761577,-140674.5064005207,-2464,-1376.0,-1058.0,-425.0,-77905.18550661749,20740.5,7.593838142764157,0.5537974683544303,284400.0,0.008068,225000.0,39375.0,157500.0,6,0.0,0.0,0.0,4.0,0.0
251166,0.14446082954771675,0.4014074137749511,17.197278911564627,-18097,0.09261203514394653,-311219.15646258503,-1655,-9531.0,-1676.0,-4.0,-164145.12471655328,9922.5,9.0702947845805,0.5274261603375527,170640.0,0.00702,135000.0,45000.0,90000.0,17,3.0,0.0,0.0,2.0,1.0
305975,0.6386489444729997,0.19747451156854226,20.0,-12448,0.04691516709511568,-248960.0,-4224,-6555.0,-584.0,-592.0,-217840.0,9000.0,17.5,0.875,180000.0,0.025164,180000.0,52500.0,157500.0,12,0.0,0.0,0.0,3.0,0.0
198627,0.6867588792065461,0.5108556388496169,20.0,-15099,0.28856215643420097,-301980.0,-157,-13336.0,-4357.0,-188.0,-150990.0,13500.0,10.0,0.5,270000.0,0.031329,270000.0,135000.0,135000.0,10,2.0,0.0,0.0,1.0,0.0
46401,0.5260444482449683,0.17560597946937906,34.087035564140436,-15097,0.15792247740037385,-514611.9759118282,-4082,-1378.0,-2384.155641313444,-769.0,-85768.66265197138,39604.5,5.6811725940234075,0.16666666666666666,1350000.0,0.030755,1350000.0,112500.0,225000.0,17,5.0,0.0,0.0,2.0,0.0
103115,0.44780889083061065,0.5226973172821112,20.0,-8586,0.05916608432331703,-171720.0,-1249,-194.0,-508.0,-782.0,-143100.0,6750.0,16.666666666666668,0.8333333333333334,135000.0,0.026392000000000002,135000.0,112500.0,112500.0,17,1.0,0.0,0.0,1.0,0.0
178774,0.3645956136818312,0.4596904504249018,14.784151389710232,-12588,0.1446615824594852,-186102.8976936724,-2578,-3728.0,-1821.0,-203.0,-55830.86930810172,15219.0,4.4352454169130695,0.3,225000.0,0.0105,225000.0,33750.0,67500.0,10,0.0,3.0,3.0,2.0,0.0
224474,0.7560957905236348,0.520897599048938,30.106368330464715,-16183,0.049002039176914036,-487211.35869191046,-1658,-5755.0,-793.0,-636.0,-222829.60413080893,26145.0,13.769363166953529,0.4573571616414549,787131.0,0.04622,679500.0,90000.0,360000.0,17,1.0,2.0,2.0,4.0,0.0
81562,0.6747169520415612,0.5108556388496169,25.71533832739777,-19920,0.05266064257028112,-512249.5394817635,-3080,-9181.0,-1049.0,-538.0,-122313.64362028734,36643.5,6.140243153628884,0.2387774594078319,942300.0,0.072508,675000.0,112500.0,225000.0,13,7.0,0.0,0.0,2.0,0.0
279423,0.2750254215438308,0.5108556388496169,16.298832057994357,-13215,0.3527052591751797,-215389.06564639547,-4703,-4065.0,-4661.0,-1657.0,-62535.74305275876,44694.0,4.7321788159484495,0.2903385223622436,728460.0,0.022625,675000.0,211500.0,211500.0,13,1.8999537571385068,0.0,0.0,1.0,0.26547538037573265
148542,0.7344865416037735,0.5726825047161584,30.998140111593305,-20666,0.05042098132197813,-640607.5635461872,-3531,-876.0,-1042.0,-761.0,-192182.26906385613,29034.0,9.299442033477991,0.3,900000.0,0.04622,900000.0,135000.0,270000.0,14,2.0,0.0,0.0,2.0,0.0
204835,0.7549244064379036,0.5108556388496169,9.523809523809524,-12364,0.2899547072144937,-117752.38095238096,-3087,-6506.0,-3585.0,-1349.0,-153078.09523809527,28350.0,12.38095238095238,1.3,270000.0,0.072508,270000.0,87750.0,351000.0,19,1.8999537571385068,0.0,0.0,4.0,0.26547538037573265
38585,0.15317020923726002,0.3893387918468769,19.18624123104775,-11031,0.08666485359441574,-211643.42701968766,-2396,-3691.0,-956.0,-46.0,-187219.95926680247,19885.5,16.972165648336727,0.8846008680883185,381528.0,0.0038130000000000004,315000.0,112500.0,337500.0,8,4.0,0.0,0.0,3.0,2.0
83082,0.4685867954048122,0.2032521136204725,20.0,-16332,0.11725446975263287,-326640.0,-4410,-7960.0,-1915.0,-1780.0,-163320.0,6750.0,10.0,0.5,135000.0,0.018029,135000.0,16875.0,67500.0,12,0.0,0.0,0.0,4.0,0.0
121196,0.7357639309582532,0.5108556388496169,18.306829268292685,-20686,0.13497051145702407,-378695.0702439025,-4229,-2003.0,-2792.0,-1532.0,-201814.63414634147,18450.0,9.75609756097561,0.5329212075994564,337761.0,0.035792000000000004,256500.0,90000.0,180000.0,12,1.8999537571385068,0.0,0.0,2.0,0.26547538037573265
1613,0.5783423418016703,0.5108556388496169,13.947001394700141,-17427,0.5322775004303667,-243054.3933054393,-979,-9597.0,-9276.0,-1815.0,-87499.58158995815,16132.5,5.02092050209205,0.36,225000.0,0.010276,225000.0,81000.0,81000.0,15,0.0,0.0,0.0,1.0,0.0
237474,0.5315803127723091,0.4083588531230431,20.0,-9741,0.01190842829278308,-194820.0,-1803,-4514.0,-116.0,0.0,-129880.0,13500.0,13.333333333333336,0.6666666666666666,270000.0,0.019101,270000.0,180000.0,180000.0,16,1.0,0.0,0.0,1.0,0.0
73381,0.6602896433825088,0.3425288720742255,20.0,-17370,0.4748416810592976,-347400.0,-917,-3212.0,-8248.0,-1502.0,-330030.0,13500.0,19.0,0.95,270000.0,0.031329,270000.0,128250.0,256500.0,8,0.0,1.0,1.0,2.0,0.0
227015,0.4078403815544985,0.5108556388496169,13.966480446927376,-15450,0.17980582524271846,-215782.12290502797,-4827,-7165.0,-2778.0,-832.0,-125872.90502793295,19332.0,8.147113594040967,0.5833333333333334,270000.0,0.0038130000000000004,270000.0,78750.0,157500.0,10,0.0,1.0,1.0,2.0,0.0
130241,0.6509188489487553,0.5460231970049609,30.998140111593305,-14702,0.0640729152496259,-455734.65592064476,-1249,-13152.0,-942.0,-1082.0,-60764.6207894193,21775.5,4.1330853482124414,0.13333333333333333,675000.0,0.015221,675000.0,45000.0,90000.0,6,7.0,1.0,1.0,2.0,0.0
155479,0.7865980708101314,0.746300213050371,14.326117886178864,-12138,0.27022573735376504,-173890.41890243904,-4415,-5380.0,-3280.0,-2313.0,-40706.70731707317,44280.0,3.3536585365853657,0.2340940206712114,634360.5,0.032561,567000.0,74250.0,148500.0,17,2.0,0.0,0.0,2.0,0.0
221594,0.6090363652068631,0.5108556388496169,10.007072135785007,-14441,0.15317498788172565,-144512.12871287132,-1501,-11877.0,-2212.0,-870.0,-153193.0693069307,12726.0,10.608203677510607,1.060070671378092,127350.0,0.01885,112500.0,67500.0,135000.0,16,1.8999537571385068,0.0,0.0,2.0,0.26547538037573265
50173,0.026008183927000918,0.4329616670974407,10.903071334214003,-13022,0.12286899093841193,-141979.79491413475,-1728,-1728.0,-1600.0,-743.0,-53756.605019815055,27252.0,4.128137384412153,0.3786215147889564,297130.5,0.006852,256500.0,28125.0,112500.0,5,1.0,1.0,1.0,4.0,0.0
144227,0.741681151542788,0.4722533429586386,30.260521042084175,-15855,0.04856512141280353,-479780.5611222445,-1401,-671.0,-770.0,-660.0,-231946.8937875752,22455.0,14.629258517034069,0.4834437086092716,679500.0,0.010006000000000001,679500.0,109500.0,328500.0,10,2.0,0.0,0.0,3.0,0.0
55236,0.6900657386948118,0.33928769990891394,34.014764338444074,-19899,0.13960500527664707,-676859.7955706986,-2800,-11095.0,-2778.0,-1908.0,-94165.24701873935,23773.5,4.73215975771342,0.13912075681691707,808650.0,0.005084,675000.0,112500.0,112500.0,13,2.0,0.0,0.0,1.0,0.0
227885,0.7014884575394932,0.4722533429586386,25.252951096121418,-11859,0.046125305675014765,-299474.7470489039,-4423,-5931.0,-547.0,-352.0,-199983.13659359192,10674.0,16.863406408094434,0.667779632721202,269550.0,0.030755,225000.0,45000.0,180000.0,10,0.0,2.0,2.0,4.0,0.0
36242,0.22862483651569715,0.6279908192952864,30.998140111593305,-14479,0.4317287105463085,-448822.07067575946,-5483,-3276.0,-6251.0,-2346.0,-35905.765654060764,36292.5,2.479851208927464,0.08,1125000.0,0.009334,1125000.0,45000.0,90000.0,14,0.0,1.0,1.0,2.0,0.0
303127,0.7086862890571883,0.4866531565147181,34.19972640218878,-14339,0.14233907524932005,-490389.8768809849,-5164,-4941.0,-2041.0,-1404.0,-91072.40570646863,46053.0,6.351377760406487,0.18571428571428567,1575000.0,0.022625,1575000.0,146250.0,292500.0,15,3.0,0.0,0.0,2.0,0.0
255985,0.17552420281265485,0.3774042489507649,26.803731859018654,-24166,0.09865743777677084,-647738.984105045,-4088,-9580.0,-2384.155641313444,-3.0,-111338.40129002533,19534.5,4.6072333563695,0.1718877572944867,523597.5,0.02461,468000.0,90000.0,90000.0,18,0.0,0.0,0.0,1.0,2.0
265089,0.07634992847265244,0.221335206354466,22.443729903536976,-21005,0.11350419620630535,-471430.54662379425,-4104,-440.0,-2384.155641313444,0.0,-101310.28938906752,11196.0,4.823151125401928,0.2148997134670487,251280.0,0.020713,180000.0,27000.0,54000.0,8,0.0,0.0,0.0,2.0,0.0
101150,0.5737656471824375,0.42765737003502935,20.703933747412012,-22422,0.10633108738352708,-464223.60248447204,-4991,-7309.0,-2384.155641313444,0.0,-154741.20082815734,32602.5,6.901311249137336,0.3333333333333333,675000.0,0.014519999999999996,675000.0,225000.0,225000.0,9,2.0,0.0,0.0,1.0,0.0
169978,0.2386589552873689,0.21518240418475384,10.111731843575418,-16359,0.2698208936976588,-165417.82122905026,-4842,-3396.0,-4414.0,-2058.0,-114238.82681564245,25776.0,6.983240223463688,0.6906077348066298,260640.0,0.018029,225000.0,180000.0,180000.0,12,1.0,0.0,0.0,1.0,0.0
246818,0.5103109866148409,0.3774042489507649,20.600750938673343,-21688,0.10992971418818903,-446789.0863579473,-4976,-10624.0,-2384.155641313444,0.0,-203579.47434292868,14382.0,9.386733416770962,0.4556500607533414,296280.0,0.020713,225000.0,135000.0,135000.0,8,7.0,0.0,0.0,1.0,0.0
16329,8.988454886681344e-05,0.22888341670067305,20.45945945945946,-13594,0.04656466087979992,-278125.8918918919,-2983,-1633.0,-633.0,-1527.0,-41333.108108108114,26640.0,3.0405405405405403,0.14861294583883752,545040.0,0.006305,450000.0,40500.0,81000.0,8,2.0,1.0,1.0,2.0,0.0
161286,0.5055068247210552,0.0817255924524642,32.72140681251731,-21834,0.10919463411713126,-714439.196344503,-4666,-536.0,-2384.155641313444,-2.0,-332558.8479645528,16249.5,15.231237884242592,0.4654823666816185,531706.5,0.019101,459000.0,247500.0,247500.0,11,0.0,2.0,2.0,1.0,0.0
259965,0.6529731232240271,0.14375805349116522,32.91126305507552,-19821,0.09570657383583067,-652334.1450146518,-3360,-8353.0,-1897.0,-1558.0,-111696.97197385227,59890.5,5.6352843940190835,0.17122662185856224,1971072.0,0.035792000000000004,1800000.0,168750.0,337500.0,9,3.0,0.0,0.0,2.0,0.0
49639,0.5672233571830246,0.445396241560834,18.29534087917873,-21047,0.5975673492659286,-385062.03948407475,-4154,-12939.0,-12577.0,-640.0,-144043.6957093972,17095.5,6.843906291129245,0.3740791896869245,312768.0,0.008625,270000.0,117000.0,117000.0,13,3.0,0.0,0.0,1.0,0.0
224349,0.7907129957803989,0.4241303111942548,32.69650655021834,-16196,0.13169918498394664,-529552.6200873362,-4530,-7171.0,-2133.0,-1973.0,-117874.81804949055,24732.0,7.27802037845706,0.22259321090706727,808650.0,0.072508,675000.0,180000.0,180000.0,18,1.0,2.0,2.0,1.0,0.0
127363,0.4181777122530149,0.3425288720742255,20.0,-9151,0.08217681127745602,-183020.0,-1822,-9094.0,-752.0,-1138.0,-167005.75,9000.0,18.25,0.9125,180000.0,0.025164,180000.0,54750.0,164250.0,12,1.0,4.0,4.0,3.0,0.0
285981,0.5488345582970109,0.180887977767074,20.0,-8294,0.019652761032071375,-165880.0,-26,-3874.0,-163.0,-556.0,-124410.0,9000.0,15.0,0.75,180000.0,0.030755,180000.0,45000.0,135000.0,16,1.0,2.0,2.0,3.0,0.0
88410,0.6784778666173765,0.4668640059537032,24.486191996994176,-20143,0.22007645335848686,-493225.3653954537,-3700,-10590.0,-4433.0,-850.0,-104063.96768739431,47907.0,5.166259628029307,0.21098665029921745,1173060.0,0.016612000000000002,1048500.0,123750.0,247500.0,15,2.0,5.0,5.0,2.0,0.0
25373,0.10241267789182376,0.5108556388496169,19.420763447079235,-19182,0.10968616411218853,-372529.0844418739,-2579,-1652.0,-2104.0,-1275.0,-138678.42683632154,15561.0,7.2296124927703875,0.37226201289515615,302206.5,0.01885,229500.0,56250.0,112500.0,11,1.8999537571385068,1.0,1.0,2.0,0.26547538037573265
113563,0.3236088196833177,0.7886807751817684,20.713404097753642,-13728,0.06912878787878787,-284353.611453962,-5157,-20.0,-949.0,-835.0,-77942.23648481857,36459.0,5.677610466551468,0.27410320581575504,755190.0,0.020713,675000.0,103500.0,207000.0,9,4.0,0.0,0.0,2.0,0.0
66969,0.18264425177947688,0.6738300778602003,30.999036299389648,-13648,0.027989449003517002,-423074.84741407,-2281,-1897.0,-382.0,-148.0,-109604.88274975908,28017.0,8.030838419531,0.2590673575129533,868500.0,0.00733,868500.0,112500.0,225000.0,21,0.0,0.0,0.0,2.0,0.0
173312,0.3901604474109754,0.7366226976503176,9.707262569832402,-12415,0.29536850583971,-120515.66480446927,-4043,-1104.0,-3667.0,-1029.0,-138715.08379888267,24165.0,11.1731843575419,1.1510128913443831,234576.0,0.010032,202500.0,90000.0,270000.0,7,0.0,0.0,0.0,3.0,0.0
106047,0.1915258625230554,0.6263042766749393,34.03051025775908,-21383,0.4711219192816724,-727674.4008416623,-4397,-3845.0,-10074.0,-1134.0,-149977.20497983517,25663.5,7.013852358407855,0.20610482491395124,873342.0,0.018029,729000.0,90000.0,180000.0,7,2.0,0.0,0.0,2.0,0.0
266293,0.3743508308703615,0.5531646987710016,24.553936814535927,-20709,0.1151265460096308,-508487.4774922246,-4193,-10610.0,-2384.155641313444,0.0,-101697.49549844493,27490.5,4.910787362907187,0.2,675000.0,0.014519999999999996,675000.0,135000.0,135000.0,9,1.0,1.0,1.0,1.0,0.0
21180,0.5016255457985507,0.3996756156233169,25.107719928186718,-13337,0.32368598635375273,-334861.66068222624,-4132,-952.0,-4317.0,-257.0,-115730.99940155596,30078.0,8.677438659485338,0.3456083899416041,755190.0,0.006670999999999999,675000.0,130500.0,261000.0,13,3.0,0.0,0.0,2.0,0.0
259829,0.7393870291183695,0.36896873825284665,27.659282941310806,-20015,0.2484636522608044,-553600.5480703358,-3543,-10661.0,-4973.0,-254.0,-123408.31240009135,19705.5,6.165791276547158,0.22291941875825627,545040.0,0.01885,450000.0,60750.0,121500.0,15,2.0,0.0,0.0,2.0,1.0
168658,0.5672072528827137,0.6380435278721609,34.083454633672964,-18967,0.09801233721727212,-646460.8840368752,-2507,-9478.0,-1859.0,-2094.0,-103531.65938864631,37098.0,5.458515283842795,0.16015146769922842,1264428.0,0.010643000000000001,990000.0,101250.0,202500.0,15,1.0,1.0,1.0,2.0,1.0
61138,0.5149657720015557,0.6195277080511546,10.503198701422708,-21828,0.10922464913475556,-229263.82125465482,-5070,-9590.0,-2384.155641313444,-913.0,-72947.57949011744,47128.5,3.3419268595435883,0.3181818181818182,495000.0,0.00496,495000.0,157500.0,157500.0,14,7.0,0.0,0.0,1.0,0.0
268388,0.6895791278967615,0.5108556388496169,12.735473600424516,-19709,0.028108985742554164,-251003.44919076678,-3228,-1535.0,-554.0,-194.0,-130730.96312019105,16960.5,6.633059166887769,0.5208333333333334,216000.0,0.028663,216000.0,56250.0,112500.0,8,5.0,10.0,10.0,2.0,0.0
95166,0.2538145228066292,0.5108556388496169,12.362101313320824,-18263,0.09593166511526036,-225769.05628517823,-1807,-2563.0,-1752.0,-279.0,-108504.37773608504,14391.0,5.941213258286428,0.4805989780948045,177903.0,0.008068,148500.0,42750.0,85500.0,6,1.8999537571385068,0.0,0.0,2.0,0.26547538037573265
101196,0.4767842822936214,0.7252764347002191,20.676852698993603,-22972,0.10378528823408688,-474988.66020128096,-4725,-7656.0,-2384.155641313444,0.0,-63052.150045745664,24592.5,2.744739249771272,0.1327445375622793,508495.5,0.006852,454500.0,33750.0,67500.0,7,0.0,2.0,2.0,2.0,0.0
266704,0.6713195033154381,0.0005272652387098817,9.285771543086172,-18787,0.14951828391973174,-174451.78997995993,-2324,-1094.0,-2809.0,-1970.0,-150597.19438877757,11227.5,8.016032064128256,0.8632596685082873,104256.0,0.031329,90000.0,45000.0,90000.0,10,4.0,0.0,0.0,2.0,0.0
160678,0.3297945489399022,0.5108556388496169,14.851744948832328,-23950,0.09954720840557177,-355699.2915245343,-4382,-9349.0,-2384.155641313444,0.0,-169679.8740488061,17149.5,7.084754657570191,0.4770318021201414,254700.0,0.006305,225000.0,60750.0,121500.0,7,1.8999537571385068,0.0,0.0,2.0,0.26547538037573265
198414,0.7990234184341509,0.4992720153045617,23.53029193261484,-16926,0.1830320217416992,-398273.72125143866,-464,-8493.0,-3098.0,-661.0,-61987.02521711834,43006.5,3.662237103693628,0.1556392548881843,1011955.5,0.022625,904500.0,52500.0,157500.0,11,0.0,0.0,0.0,3.0,1.0
258461,0.5423723216098111,0.6161216908872079,23.52111019640127,-16738,0.03477117935237185,-393696.3424673645,-295,-3258.0,-582.0,-3171.0,-108266.49417852523,38263.5,6.468305304010348,0.275,900000.0,0.014519999999999996,900000.0,82500.0,247500.0,10,4.0,0.0,0.0,3.0,0.0
190044,0.472558336152872,0.2608559142068693,18.433179723502306,-11329,0.14537911554417865,-208829.4930875576,-879,-1737.0,-1647.0,-700.0,-52207.3732718894,24412.5,4.6082949308755765,0.25,450000.0,0.0228,450000.0,56250.0,112500.0,9,2.0,2.0,2.0,2.0,2.0
710,0.743211582123909,0.5082869913916046,34.100534975270016,-20895,0.11410172966324213,-712530.6783082669,-2644,-14964.0,-2384.155641313444,-396.0,-130765.11557484607,44581.5,6.258201271828001,0.18352208481088345,1520253.0,0.009334,1327500.0,139500.0,279000.0,11,2.0,0.0,0.0,2.0,1.0
115417,0.5662192522687416,0.5108556388496169,12.473045057314721,-12074,0.1178565512671857,-150599.54602201795,-527,-415.0,-1423.0,-620.0,-38369.31108841221,39649.5,3.177845874475088,0.2547770700636943,494550.0,0.015221,450000.0,42000.0,126000.0,11,1.8999537571385068,0.0,0.0,3.0,0.26547538037573265
22646,0.6683792043453801,0.5108556388496169,10.049311094996376,-25009,0.09533190616631787,-251323.22117476433,-4477,-5193.0,-2384.155641313444,-368.0,-544068.165337201,6205.5,21.754894851341554,2.1648145475537595,62361.0,0.007120000000000001,58500.0,135000.0,135000.0,7,1.8999537571385068,0.0,0.0,1.0,0.26547538037573265
149664,0.472078723935541,0.5108556388496169,21.317416329140908,-13938,0.051155115511551164,-297122.148795566,-918,-276.0,-713.0,-1181.0,-62395.65124706885,21109.5,4.476657429119591,0.21,450000.0,0.018209,450000.0,31500.0,94500.0,7,7.0,1.0,1.0,3.0,0.0
305895,0.6837971052941673,0.14111510044661266,20.0,-9035,0.20099612617598228,-180700.0,-1724,-2575.0,-1816.0,-1627.0,-57824.0,11250.0,6.4,0.32,225000.0,0.019688999999999998,225000.0,24000.0,72000.0,12,3.0,0.0,0.0,3.0,1.0
215,0.2954329912505275,0.6212263380626669,13.783597518952446,-11259,0.014566124877875475,-155189.5244658856,-3951,-808.0,-164.0,-1203.0,-124151.61957270847,6529.5,11.026878015161957,0.8,90000.0,0.010966,90000.0,24000.0,72000.0,12,5.0,0.0,0.0,3.0,1.0
186133,0.623031889186404,0.22009464485041005,34.204139900071375,-18467,0.09969134131152868,-631647.8515346182,-1485,-9440.0,-1841.0,-2591.0,-92269.09350463958,31522.5,4.996431120628123,0.14607679465776294,1078200.0,0.025164,900000.0,157500.0,157500.0,15,0.0,0.0,0.0,1.0,2.0
95367,0.6425306482183333,0.5108556388496169,30.86674528301887,-17944,0.2970909496210433,-553872.8773584906,-1473,-5883.0,-5331.0,0.0,-66126.17924528303,30528.0,3.6851415094339615,0.11938872970391595,942300.0,0.008625,675000.0,56250.0,112500.0,11,1.8999537571385068,3.0,3.0,2.0,0.26547538037573265
86273,0.6284551021540158,0.6769925032909132,34.20074349442379,-12725,0.3429469548133595,-435204.4609665427,-4323,-6830.0,-4364.0,-1836.0,-56765.799256505576,30262.5,4.4609665427509295,0.13043478260869565,1035000.0,0.00702,1035000.0,45000.0,135000.0,11,0.0,4.0,4.0,3.0,0.0
206921,0.7731239246901391,0.7281412993111438,37.83564423402097,-17412,0.180622559154606,-658794.2374027731,-974,-1511.0,-3145.0,-2726.0,-58884.00405816706,66532.5,3.381805884342239,0.0893814801573114,2517300.0,0.031329,2250000.0,112500.0,225000.0,13,0.0,1.0,1.0,2.0,1.0
126058,0.4821928053197344,0.6512602186973006,8.82742681047766,-11783,0.12959348213527966,-104013.57010785824,-3117,-11753.0,-1527.0,-1876.0,-99030.67656534527,32125.5,8.404538450763411,0.9520938129770388,283585.5,0.008019,256500.0,135000.0,270000.0,11,4.0,0.0,0.0,2.0,0.0
15245,0.3561128198055254,0.3108182544189319,9.242325277596342,-11371,0.08530472253979421,-105094.48073154801,-2690,-5070.0,-970.0,-703.0,-55703.78837361201,27558.0,4.8987589810581325,0.5300353356890459,254700.0,0.02461,225000.0,67500.0,135000.0,10,1.0,0.0,0.0,2.0,0.0
43621,0.3153981859754021,0.7490217048463391,23.53746671738304,-17716,0.03081959810340935,-416989.7603651578,-1249,-3048.0,-546.0,0.0,-134773.67820464054,47322.0,7.607455306200077,0.32320620555914675,1113840.0,0.072508,900000.0,120000.0,360000.0,12,0.0,1.0,1.0,3.0,0.0
36863,0.6696623813379322,0.36896873825284665,18.35134074558535,-11533,0.06503078123645192,-211646.01281883585,-4046,-1244.0,-750.0,-115.0,-70902.6814911707,34402.5,6.147809025506867,0.3350059873410504,631332.0,0.031329,585000.0,105750.0,211500.0,17,0.0,5.0,5.0,2.0,0.0
63449,0.7063785147591967,0.6296742509538716,30.840464104423493,-15601,0.07236715595154157,-481142.080493111,-4299,-4042.0,-1129.0,-351.0,-56566.35242929659,24822.0,3.625815808556925,0.1175668367466905,765522.0,0.009334,639000.0,30000.0,90000.0,11,3.0,0.0,0.0,3.0,0.0
291939,0.5639728274704049,0.42765737003502935,19.58863858961802,-18708,0.21611075475732308,-366464.2507345739,-2205,-1080.0,-4043.0,-777.0,-122154.75024485796,13783.5,6.52954619653934,0.3333333333333333,270000.0,0.026392000000000002,270000.0,30000.0,90000.0,9,2.0,0.0,0.0,3.0,0.0
222297,0.327464230547016,0.1595195404777181,25.600231749710318,-10384,0.11835516178736515,-265832.8064889919,-2680,-4340.0,-1229.0,-430.0,-93585.68301789623,34951.5,9.012488734389082,0.3520471542016828,894766.5,0.020246,679500.0,157500.0,315000.0,14,1.0,0.0,0.0,2.0,0.0
238556,0.4861741631134937,0.8625103025687644,25.122472051249844,-12779,0.10219892010329447,-321040.07034292177,-4406,-6564.0,-1306.0,0.0,-48156.01055143826,35824.5,3.768370807687477,0.15,900000.0,0.028663,900000.0,67500.0,135000.0,14,4.0,0.0,0.0,2.0,0.0
278112,0.628164009885431,0.41885428862332175,10.052271813429837,-24753,0.05211489516422252,-248823.8841978287,-4305,-729.0,-1290.0,-906.0,-248823.8841978287,22383.0,10.052271813429837,1.0,225000.0,0.026392000000000002,225000.0,225000.0,225000.0,12,1.0,0.0,0.0,1.0,0.0
287333,0.64770717119529,0.266456808245056,15.525637510282426,-23570,0.10115212733616648,-365939.2761173567,-4292,-11166.0,-2384.155641313444,-1651.0,-206811.07759802573,16411.5,8.774335069920483,0.5651513545971529,254799.0,0.010147,193500.0,72000.0,144000.0,17,10.0,0.0,0.0,2.0,0.0
274541,0.5968707035111868,0.4614823912998385,8.426535927685,-14789,0.0248157414294408,-124620.03983453348,-4730,-742.0,-367.0,-1890.0,-147278.22889535772,29371.5,9.958633369082273,1.181818181818182,247500.0,0.028663,247500.0,292500.0,292500.0,16,2.0,0.0,0.0,1.0,0.0
307340,0.6191310191916428,0.046951022396856334,18.435561681598895,-14827,0.13920550347339314,-273344.07305306685,-5150,-2253.0,-2064.0,-886.0,-127730.87525844248,26118.0,8.61474844934528,0.4672897196261682,481500.0,0.035792000000000004,481500.0,112500.0,225000.0,14,3.0,0.0,0.0,2.0,1.0
262104,0.5410042417996026,0.5549467685334323,14.795428128632311,-21014,0.11549443228323975,-310911.12669507944,-4340,-12699.0,-2427.0,-1668.0,-203545.13754358774,11614.5,9.686168151879118,0.6546730562756959,171841.5,0.035792000000000004,130500.0,56250.0,112500.0,12,4.0,0.0,0.0,2.0,1.0
178112,0.6778717361834073,0.7981372313187245,12.392969806219018,-12551,0.018404907975460124,-155544.16403785488,-2410,-2315.0,-231.0,-1.0,-79186.11987381704,19971.0,6.309148264984227,0.509090909090909,247500.0,0.028663,247500.0,31500.0,126000.0,14,2.0,0.0,0.0,4.0,2.0
251505,0.7029106109468518,0.6738300778602003,25.71638501102131,-10350,0.1451207729468599,-266164.5848640705,-3015,-9531.0,-1502.0,-1583.0,-76047.02424687729,36747.0,7.347538574577516,0.2857142857142857,945000.0,0.026392000000000002,945000.0,135000.0,270000.0,12,3.0,2.0,2.0,2.0,0.0
285084,0.6744049158461981,0.6690566947824041,12.392873252142534,-15961,0.2276799699266963,-197802.649977447,-2596,-3541.0,-3634.0,0.0,-179984.21290031573,19953.0,11.276499774470006,0.9099181073703366,247275.0,0.031329,225000.0,56250.0,225000.0,15,1.0,1.0,1.0,4.0,0.0
257833,0.6363040789199308,0.4329616670974407,19.503072870939423,-13679,0.019299656407632138,-266782.5338015803,-4503,-7197.0,-264.0,-82.0,-120096.57594381036,30753.0,8.779631255487267,0.4501665616278023,599778.0,0.011703,477000.0,270000.0,270000.0,11,3.0,1.0,1.0,1.0,2.0
268263,0.7560473947633076,0.5108556388496169,10.599250936329588,-10241,0.03075871496924128,-108546.92883895132,-1906,-10241.0,-315.0,-459.0,-95889.51310861424,14418.0,9.363295880149813,0.8833922261484098,152820.0,0.032561,135000.0,67500.0,135000.0,18,1.8999537571385068,0.0,0.0,2.0,0.26547538037573265
277361,0.7492819182980709,0.6512602186973006,20.78713968957872,-15814,0.32616668774503604,-328727.8270509978,-4299,-5520.0,-5158.0,-1070.0,-65745.56541019956,32472.0,4.157427937915743,0.2,675000.0,0.026392000000000002,675000.0,67500.0,135000.0,16,2.0,0.0,0.0,2.0,0.0
45973,0.5186790357444315,0.3723336657058204,12.6580206497104,-11458,0.04067027404433583,-145035.60060438176,-3409,-5532.0,-466.0,-424.0,-92333.41727524553,35739.0,8.058423570888944,0.6366258828210485,452385.0,0.010032,373500.0,288000.0,288000.0,10,2.0,0.0,0.0,1.0,0.0
139500,0.7238687423564852,0.4938628816996244,25.13310120184208,-21333,0.11175904192159772,-536164.4479388971,-4076,-11606.0,-2384.155641313444,-2859.0,-107827.13692013928,40063.5,5.054476019319329,0.20110833035395065,1006920.0,0.030755,900000.0,101250.0,202500.0,11,3.0,1.0,1.0,2.0,2.0
267436,0.5116114817194436,0.6144143775673561,20.0,-15939,0.5228684359119141,-318780.0,-4174,-8934.0,-8334.0,-283.0,-134596.0,20250.0,8.444444444444445,0.4222222222222222,405000.0,0.035792000000000004,405000.0,85500.0,171000.0,16,1.0,3.0,3.0,2.0,0.0
255613,0.6935996369492246,0.4382813743111921,20.0,-18339,0.1869240416598506,-366780.0,-1778,-10783.0,-3428.0,-929.0,-183390.0,22500.0,10.0,0.5,450000.0,0.00496,450000.0,225000.0,225000.0,13,2.0,0.0,0.0,1.0,0.0
298958,0.7168873091333606,0.3962195720630885,20.0,-11346,0.028908866560902517,-226920.0,-3259,-5501.0,-328.0,-2420.0,-113460.0,9000.0,10.0,0.5,180000.0,0.010032,180000.0,90000.0,90000.0,6,3.0,0.0,0.0,1.0,0.0
275580,0.6811338868056471,0.7862666146611379,30.14257684761282,-14112,0.051587301587301584,-425372.0444735121,-2970,-2222.0,-728.0,-1070.0,-101525.17985611512,34402.5,7.1942446043165456,0.2386738413469884,1036980.0,0.016612000000000002,787500.0,123750.0,247500.0,11,3.0,0.0,0.0,2.0,0.0
173067,0.5103109866148409,0.6674577419214722,19.644193928676692,-14652,0.2285012285012285,-287826.72944297077,-3812,-8721.0,-3348.0,-1457.0,-43183.02387267904,61074.0,2.9472443265546717,0.15003131903784914,1199749.5,0.006233,1080000.0,90000.0,180000.0,10,0.0,7.0,7.0,2.0,0.0
31687,0.7052660875919742,0.8106180215523969,23.418166712821932,-24317,0.09804480985785434,-569459.559955691,-4702,-7791.0,-2384.155641313444,0.0,-94278.03932428689,16249.5,3.8770423705344776,0.1655570403131393,380533.5,0.022625,328500.0,31500.0,63000.0,11,0.0,0.0,0.0,2.0,0.0
206821,0.2525575501155185,0.34578480246959553,20.0,-11291,0.07103002391285095,-225820.0,-3437,-2489.0,-802.0,-431.0,-73904.72727272728,12375.0,6.545454545454546,0.3272727272727273,247500.0,0.028663,247500.0,16200.0,81000.0,11,1.0,0.0,0.0,5.0,0.0
155278,0.4766751812104521,0.5108556388496169,26.254709386572213,-19633,0.210054500076402,-515458.7093865722,-3181,-5220.0,-4124.0,-277.0,-47415.070037031066,55899.0,2.4150700370310743,0.09198616528074176,1467612.0,0.02461,1350000.0,67500.0,135000.0,9,3.0,4.0,4.0,2.0,2.0
83630,0.4895670943411694,0.4992720153045617,20.0,-14713,0.1651600625297356,-294260.0,-2079,-2055.0,-2430.0,-1778.0,-96685.42857142855,15750.0,6.571428571428571,0.32857142857142857,315000.0,0.00702,315000.0,34500.0,103500.0,9,5.0,1.0,1.0,3.0,1.0
158436,0.5408521943866819,0.5108556388496169,10.516412928025897,-18782,0.10856138856351827,-197519.26761418238,-2261,-442.0,-2039.0,-3074.0,-56998.63436346164,88969.5,3.0347478630317126,0.2885725278953444,935640.0,0.010556,900000.0,270000.0,270000.0,11,1.8999537571385068,2.0,2.0,1.0,0.26547538037573265
85692,0.09197019722175268,0.42589289800515295,18.35989010989011,-9328,0.09712692967409947,-171261.05494505493,-2009,-4118.0,-906.0,-483.0,-42283.516483516476,32760.0,4.532967032967034,0.2468951069878797,601470.0,0.006852,450000.0,148500.0,148500.0,6,0.0,7.0,7.0,1.0,0.0
305048,0.6523683451507011,0.7517237147741489,18.344141362154748,-11864,0.31228927848954824,-217634.89312060387,-4543,-6154.0,-3705.0,-376.0,-101767.02693429404,26230.5,8.577800651912849,0.4676043692952267,481176.0,0.035792000000000004,360000.0,56250.0,225000.0,11,0.0,6.0,6.0,4.0,2.0
111810,0.6841752379004041,0.7136313997323308,20.0,-9394,0.117096018735363,-187880.0,-2054,-3563.0,-1100.0,-437.0,-110517.64705882354,19125.0,11.764705882352944,0.5882352941176471,382500.0,0.035792000000000004,382500.0,225000.0,225000.0,16,1.0,1.0,1.0,1.0,0.0
27762,0.1750563371204668,0.8377468531540618,10.212919523637677,-23961,0.09950150833911124,-244711.76470588238,-4645,-7042.0,-2384.155641313444,-1087.0,-151323.5294117647,24939.0,6.3154095994225905,0.6183745583038869,254700.0,0.022625,225000.0,78750.0,157500.0,10,1.0,0.0,0.0,2.0,0.0
300135,0.5663642637698413,0.5108556388496169,9.285714285714286,-15938,0.12172167147697327,-147995.7142857143,-716,-599.0,-1940.0,-308.0,-97182.9268292683,25830.0,6.097560975609755,0.6566604127579737,239850.0,0.009175,225000.0,157500.0,157500.0,12,1.8999537571385068,0.0,0.0,1.0,0.26547538037573265
305792,0.5494301100536989,0.5108556388496169,34.05607338363663,-21730,0.10971724074152987,-740038.4746264239,-4000,-536.0,-2384.155641313444,-111.0,-96449.17887261428,30415.5,4.438526409232135,0.13032995199513436,1035832.5,0.019688999999999998,904500.0,67500.0,135000.0,10,1.8999537571385068,0.0,0.0,2.0,0.26547538037573265
135963,0.7257138216845573,0.7352209993926424,13.694652794580207,-11202,0.3669880378503839,-153407.5006048875,-3447,-1969.0,-4111.0,-1621.0,-13551.89934672151,37197.0,1.2097749818533752,0.08833922261484099,509400.0,0.019101,450000.0,11250.0,45000.0,9,0.0,0.0,0.0,4.0,0.0
128655,0.2622583692422573,0.5108556388496169,10.269749518304431,-22639,0.1053118795579948,-232496.85934489398,-4549,-4549.0,-2384.155641313444,-336.0,-189021.83686576755,7006.5,8.349389852280028,0.8130081300813008,71955.0,0.025164,67500.0,29250.0,58500.0,7,1.8999537571385068,4.0,4.0,2.0,0.26547538037573265
58659,0.7149660663644691,0.6263042766749393,15.40174111602683,-11935,0.1579388353581902,-183819.78021978022,-4610,-3601.0,-1885.0,-476.0,-59615.38461538461,31531.5,4.995004995004995,0.32431430689399554,485640.0,0.018634,450000.0,78750.0,157500.0,13,2.0,1.0,1.0,2.0,2.0
64775,0.7275468779984353,0.1500851762342935,20.0,-12798,0.4222534771057978,-255960.0,-2157,-917.0,-5404.0,-890.0,-191970.0,9000.0,15.0,0.75,180000.0,0.00496,180000.0,33750.0,135000.0,11,1.0,0.0,0.0,4.0,0.0
267310,0.6317323285931947,0.7267112092725122,20.54231717337716,-19591,0.1216964749789926,-402444.5357436319,-3127,-10659.0,-2384.155641313444,-1528.0,-225368.94001643386,10953.0,11.503697617091207,0.56,225000.0,0.0228,225000.0,126000.0,126000.0,11,3.0,0.0,0.0,1.0,0.0
267148,0.6827038833830564,0.33125086459090186,20.703933747412012,-17271,0.12060679752185745,-357577.63975155284,-824,-8396.0,-2083.0,-770.0,-95354.03726708074,32602.5,5.521048999309869,0.26666666666666666,675000.0,0.035792000000000004,675000.0,90000.0,180000.0,12,0.0,0.0,0.0,2.0,0.0
192474,0.6154786866613322,0.16441417882990705,31.597573306370073,-15431,0.02274641954507161,-487582.15369059646,-4021,-2033.0,-351.0,-527.0,-64042.94072295247,35604.0,4.150278058645096,0.131348,1125000.0,0.031329,1125000.0,73883.25,147766.5,17,1.0,6.0,6.0,2.0,0.0
85219,0.7131488526678894,0.5108556388496169,37.29395811360555,-22259,0.02349611393144346,-830126.2136507459,-4222,-321.0,-523.0,-2420.0,-134150.97182461954,29866.5,6.026819346090101,0.16160310277957338,1113840.0,0.02461,900000.0,180000.0,180000.0,19,1.8999537571385068,5.0,5.0,1.0,0.26547538037573265
